Administrative,Administrative_Duration,Informational,Informational_Duration,ProductRelated,ProductRelated_Duration,BounceRates,ExitRates,PageValues,SpecialDay,Month,OperatingSystems,Browser,Region,TrafficType,VisitorType,Weekend,Revenue
0,0,0,0,1,0,0.2,0.2,0,0,Feb,1,1,1,1,Returning_Visitor,FALSE,FALSE
0,0,0,0,2,64,0,0.1,0,0,Feb,2,2,1,2,Returning_Visitor,FALSE,FALSE
0,0,0,0,1,0,0.2,0.2,0,0,Feb,4,1,9,3,Returning_Visitor,FALSE,FALSE
0,0,0,0,2,2.666666667,0.05,0.14,0,0,Feb,3,2,2,4,Returning_Visitor,FALSE,FALSE
0,0,0,0,10,627.5,0.02,0.05,0,0,Feb,3,3,1,4,Returning_Visitor,TRUE,FALSE
0,0,0,0,19,154.2166667,0.015789474,0.024561404,0,0,Feb,2,2,1,3,Returning_Visitor,FALSE,FALSE
0,0,0,0,1,0,0.2,0.2,0,0.4,Feb,2,4,3,3,Returning_Visitor,FALSE,FALSE
7,164.5833333,1,28.5,115,3427.665476,0,0.016290123,4.970219813,0,Nov,2,2,4,10,Returning_Visitor,FALSE,TRUE
0,0,3,62.75,24,680.2559524,0.015384615,0.038461538,72.06822266,0,Nov,1,1,8,10,Returning_Visitor,FALSE,FALSE
1,4,0,0,8,492.25,0,0.044444444,0,0,Dec,2,2,1,2,New_Visitor,FALSE,FALSE
0,0,0,0,27,799.375,0.007407407,0.027601411,0,0,Dec,3,2,2,1,Returning_Visitor,TRUE,FALSE
1,140.5,0,0,19,1475.166667,0.02037037,0.043333333,16.9796231,0,Nov,3,2,2,10,Returning_Visitor,FALSE,FALSE
1,31.5,0,0,3,32.83333333,0,0.05,0,0,Dec,2,2,9,2,New_Visitor,TRUE,FALSE
0,0,0,0,2,124.5,0,0.1,0,0,Dec,1,1,1,2,Returning_Visitor,FALSE,FALSE
0,0,0,0,6,12,0.033333333,0.133333333,0,0,Dec,2,2,1,3,Returning_Visitor,FALSE,FALSE
0,0,0,0,1,0,0.2,0.2,0,0,Nov,2,2,1,1,Returning_Visitor,FALSE,FALSE
0,0,0,0,9,171.5,0,0.022222222,0,0,Nov,2,2,2,13,Returning_Visitor,FALSE,FALSE
6,647.3333333,6,191.5833333,175,10886.87692,0.005110897,0.018243793,16.64099403,0,Nov,2,2,1,2,Returning_Visitor,FALSE,TRUE
2,51,3,68.75,227,12460.67006,0.007569141,0.014819782,0,0,Nov,2,2,1,2,Returning_Visitor,FALSE,FALSE
0,0,0,0,87,4403.382777,0.002941176,0.011552302,0,0,Dec,2,2,6,2,Returning_Visitor,FALSE,FALSE
5,96.75,0,0,113,2151.097436,0,0.005172414,0,0,Nov,2,2,2,11,New_Visitor,FALSE,FALSE
2,54.5,4,29.5,11,1055.75,0,0.026666667,0,0,Dec,2,2,1,2,New_Visitor,FALSE,FALSE
7,229.75,0,0,33,760.6190476,0,0.011111111,51.86660251,0,Nov,2,2,3,2,New_Visitor,FALSE,TRUE
1,58.5,1,0,11,1012.166667,0,0.041666667,62.86831138,0,Nov,2,2,1,1,Returning_Visitor,FALSE,TRUE
3,17.5,0,0,15,810.3333333,0,0.020512821,0,0,Nov,2,2,3,11,Returning_Visitor,TRUE,FALSE
0,0,2,139.75,141,4567.942696,0.002944942,0.02119383,0,0,Dec,2,5,3,2,Returning_Visitor,FALSE,FALSE
0,0,0,0,14,502.9166667,0,0.021428571,0,0,Dec,1,1,2,1,Returning_Visitor,FALSE,FALSE
2,37.5,0,0,3,45.25,0,0.02,0,0,Dec,4,1,3,3,Returning_Visitor,TRUE,FALSE
0,0,0,0,15,1251.316667,0,0.03452381,0,0,Nov,3,2,1,2,Returning_Visitor,TRUE,TRUE
0,0,0,0,1,0,0.2,0.2,0,0,Nov,1,1,3,3,Returning_Visitor,FALSE,FALSE
2,63.5,0,0,12,222.5,0,0.007142857,0,0,Dec,2,10,3,2,New_Visitor,TRUE,FALSE
0,0,0,0,2,0,0.2,0.2,0,0,Nov,1,8,3,1,Returning_Visitor,TRUE,FALSE
3,43.625,1,16,109,3624.056349,0.009489489,0.01406394,11.32556227,0,Nov,1,2,1,2,Returning_Visitor,FALSE,TRUE
0,0,0,0,5,155.25,0,0.12,0,0,Nov,1,1,1,1,Returning_Visitor,FALSE,FALSE
1,5,0,0,12,900.5,0.011538462,0.026923077,0,0,Nov,2,2,4,6,Returning_Visitor,FALSE,FALSE
3,281.9166667,2,6,83,2616.905952,0.002409639,0.033978772,0,0,Nov,2,2,3,2,Returning_Visitor,TRUE,TRUE
5,157.5,0,0,15,138.75,0.0125,0.025,0,0,Nov,1,1,1,2,New_Visitor,FALSE,FALSE
1,9,0,0,95,4334.815476,0.005531915,0.03962766,0,0,Dec,2,2,1,1,Returning_Visitor,FALSE,FALSE
1,115,0,0,48,1129.214286,0.008163265,0.010945092,0,0,May,1,1,2,1,Returning_Visitor,FALSE,FALSE
0,0,0,0,11,272,0,0.016666667,0,0.8,May,2,2,4,4,Returning_Visitor,FALSE,FALSE
0,0,0,0,26,2676,0.030769231,0.04556213,0,0.6,May,2,6,2,6,Returning_Visitor,FALSE,FALSE
0,0,0,0,1,68,0,0.1,0,0,May,2,2,3,2,Returning_Visitor,FALSE,FALSE
1,6,0,0,61,3545.19127,0.008954009,0.057518519,0,0.6,May,2,2,4,2,Returning_Visitor,FALSE,FALSE
0,0,0,0,17,315,0.004166667,0.020625,0,0.2,May,2,2,3,4,Returning_Visitor,FALSE,FALSE
5,71.66666667,1,4,59,1702.369048,0.00078125,0.009867424,6.560625,0,May,2,2,6,1,Returning_Visitor,FALSE,TRUE
5,53.5,0,0,57,2874.966667,0.003278689,0.016721311,0,0,May,2,2,1,4,Returning_Visitor,FALSE,FALSE
0,0,0,0,6,102,0,0.033333333,0,0,May,2,2,1,3,Returning_Visitor,FALSE,FALSE
4,63.6,0,0,27,459.9636364,0.007407407,0.033950617,0,0,May,1,1,1,3,Returning_Visitor,TRUE,FALSE
1,77,0,0,22,710.6666667,0,0.002173913,0,0,May,2,4,3,4,Returning_Visitor,FALSE,FALSE
0,0,0,0,1,0,0.2,0.2,0,0,June,1,1,9,5,Returning_Visitor,FALSE,FALSE
0,0,0,0,2,29.2,0,0.05,0,0,Jul,1,1,4,3,Returning_Visitor,FALSE,FALSE
3,37.3,0,0,19,317.8,0.018181818,0.045454545,0,0,Jul,2,2,7,4,Returning_Visitor,FALSE,FALSE
4,49.2,0,0,3,22,0,0.025,0,0,Nov,2,2,3,2,New_Visitor,FALSE,TRUE
3,52.9,0,0,8,278.58,0,0.01,26.18180656,0,Jul,1,1,1,2,New_Visitor,FALSE,FALSE
9,201.85,2,20.6,43,1458.93619,0,0.00952381,0,0,Aug,3,2,3,1,New_Visitor,FALSE,FALSE
7,253.4,0,0,12,832.7,0,0.004761905,0,0,June,2,5,3,5,New_Visitor,FALSE,FALSE
7,131.08,1,124.9,159,4362.009752,0.001204819,0.008667383,6.047203519,0,Jul,2,10,2,2,Returning_Visitor,FALSE,FALSE
7,95.17,1,11.1,68,824.1573062,0,0.006666667,37.68626909,0,June,2,2,3,3,Returning_Visitor,FALSE,FALSE
14,325.48,6,22.6,24,359.63,0.024324324,0.042342342,0,0,Sep,1,1,2,4,Returning_Visitor,TRUE,FALSE
6,174.4571429,2,24.2,107,1688.2494,0,0.016407828,2.385969641,0,June,2,4,1,2,Returning_Visitor,TRUE,FALSE
0,0,0,0,8,170.5333333,0,0,37.96905976,0,Aug,2,5,1,5,New_Visitor,FALSE,TRUE
6,285.9,0,0,13,291.3,0,0.0125,53.11442085,0,Nov,1,1,4,2,New_Visitor,FALSE,TRUE
0,0,0,0,13,427.3,0,0.038461538,0,0,Sep,2,5,1,1,Returning_Visitor,FALSE,FALSE
5,247.1,0,0,8,1188.2,0,0.030769231,0,0,Oct,1,8,8,1,Returning_Visitor,TRUE,FALSE
0,0,0,0,8,251.8,0,0.025,0,0,Oct,1,1,1,2,New_Visitor,FALSE,FALSE
4,103.6,1,27.2,26,2609,0,0.002380952,47.12454606,0,Nov,2,6,1,2,Returning_Visitor,TRUE,TRUE
7,141.8388889,0,0,33,486.5600582,0.006666667,0.028784722,11.84059922,0,June,2,2,3,1,Returning_Visitor,FALSE,FALSE
1,45.4,0,0,41,1227.713333,0.019512195,0.041056911,0,0,Oct,1,1,3,3,Returning_Visitor,FALSE,FALSE
0,0,0,0,11,650.1666667,0.036363636,0.060606061,0,0,Oct,1,1,6,1,Returning_Visitor,FALSE,FALSE
2,30.2,0,0,32,776.8833333,0,0.003125,0,0,Jul,2,4,1,5,New_Visitor,FALSE,FALSE
1,90.6,0,0,11,424.5957143,0.053333333,0.055833333,0,0,Aug,3,2,8,1,Returning_Visitor,FALSE,FALSE
10,196.25,1,46.4,271,12292.46381,0.005995204,0.02001083,0.038034542,0,Jul,2,2,2,3,Returning_Visitor,TRUE,FALSE
5,163,0,0,5,25,0.02,0.04,0,0,Oct,2,2,2,20,New_Visitor,TRUE,FALSE
0,0,0,0,6,231.8,0.066666667,0.066666667,0,0,Oct,2,5,3,2,Returning_Visitor,FALSE,FALSE
2,9,0,0,26,623.0266667,0,0.009047619,36.0824516,0,Nov,2,2,4,20,Returning_Visitor,FALSE,FALSE
0,0,0,0,6,1183.2,0.033333333,0.066666667,0,0,Oct,2,6,2,1,Returning_Visitor,FALSE,FALSE
5,38.57777778,2,9,7,584.3777778,0,0.064351852,0,0,Jul,1,1,1,2,Returning_Visitor,TRUE,TRUE
0,0,0,0,4,39.8,0,0.05,0,0,Aug,1,1,1,3,New_Visitor,FALSE,FALSE
3,133.8666667,0,0,7,128,0,0.026666667,0,0,Oct,1,2,1,1,Returning_Visitor,TRUE,FALSE
3,69.1,0,0,24,368.6,0,0.008888889,0,0,Sep,2,2,1,2,New_Visitor,FALSE,FALSE
3,142.1333333,2,141.2,8,361.2333333,0.008333333,0.038888889,0,0,Oct,1,1,1,2,Returning_Visitor,TRUE,FALSE
4,206.6,0,0,6,282.8,0.025,0.025,0,0,Sep,3,2,3,5,Returning_Visitor,FALSE,FALSE
0,0,0,0,3,0,0.2,0.2,0,0,Nov,3,2,1,11,Returning_Visitor,FALSE,TRUE
0,0,0,0,1,0,0.2,0.2,0,0,Nov,2,2,1,20,Returning_Visitor,TRUE,FALSE
0,0,0,0,1,0,0.2,0.2,0,0,June,1,1,1,3,Returning_Visitor,FALSE,FALSE
0,0,3,62.8,90,2167.900476,0.002898551,0.013297101,0,0,Aug,1,1,3,4,Returning_Visitor,FALSE,FALSE
2,39.4,0,0,40,673.65,0,0.014634146,23.76322043,0,Nov,4,2,6,3,Returning_Visitor,TRUE,TRUE
0,0,0,0,67,771.4133333,0,0.004205128,0,0,Aug,1,8,9,1,Returning_Visitor,FALSE,FALSE
2,95.8,0,0,83,4052.358631,0.000340136,0.008176477,19.61979883,0,Sep,2,2,4,3,Returning_Visitor,FALSE,TRUE
15,182.7,0,0,60,632.25,0.005882353,0.011960784,0,0,Oct,4,2,1,3,Returning_Visitor,FALSE,FALSE
0,0,0,0,9,463.4,0,0.022222222,0,0,Oct,3,2,1,2,New_Visitor,FALSE,FALSE
11,289.6833333,0,0,41,678.4833333,0,0.032173913,13.57270341,0,Oct,4,1,3,1,Returning_Visitor,FALSE,TRUE
1,20.2,0,0,13,227.6,0,0,42.29306752,0,Jul,2,2,3,3,New_Visitor,FALSE,FALSE
0,0,0,0,22,343.0333333,0,0.027272727,0,0,June,2,5,6,1,Returning_Visitor,FALSE,FALSE
1,0,0,0,6,261.6666667,0.071428571,0.125714286,0,0,June,3,2,2,4,Returning_Visitor,FALSE,FALSE
13,245.4,0,0,61,3773.3,0.005714286,0.025021645,22.37276151,0,Oct,2,2,9,3,Returning_Visitor,FALSE,TRUE
15,266.25,0,0,172,4098.699853,0.003314917,0.016214742,2.90865324,0,Nov,2,2,7,2,Returning_Visitor,FALSE,FALSE
0,0,0,0,8,724.2,0.022222222,0.03968254,5.091914289,0,Nov,1,1,3,1,Returning_Visitor,FALSE,TRUE
6,75.5,0,0,3,66.05,0,0.022222222,21.47142017,0,Aug,2,2,7,6,Returning_Visitor,FALSE,TRUE
1,180.4,1,36.2,28,1907.08,0.006666667,0.015555556,19.24405095,0,Sep,2,2,1,1,Returning_Visitor,TRUE,TRUE
4,97.2,2,16,26,690.5666667,0,0.003703704,59.33984611,0,Jul,2,4,8,2,Returning_Visitor,FALSE,TRUE
1,51.4,0,0,7,562.3,0,0,36.65735004,0,Jul,1,1,6,2,New_Visitor,TRUE,TRUE
2,107.4,2,96.7,32,833.325,0.024509804,0.035882353,0,0,Jul,3,2,4,1,Returning_Visitor,FALSE,TRUE
4,102.2,0,0,3,72,0,0.016666667,0,0,Jul,2,2,6,5,New_Visitor,FALSE,FALSE
8,580.2,1,145.6,48,2734.966667,0,0.007692308,27.60143046,0,Oct,2,2,4,5,New_Visitor,FALSE,TRUE
10,471.06,0,0,171,5830.91,0.001098901,0.005494505,0,0,Oct,2,10,4,2,Returning_Visitor,FALSE,TRUE
3,146.5,3,277.1333333,31,700.0466667,0,0.01712963,0,0,Aug,1,1,5,2,Returning_Visitor,TRUE,FALSE
6,378.4666667,0,0,13,950.6666667,0.022222222,0.054444444,0,0,Oct,1,1,1,3,Returning_Visitor,FALSE,FALSE
3,173.8,2,124.8,7,411.6,0,0.017272727,0,0,Aug,1,1,1,4,Returning_Visitor,TRUE,FALSE
4,115.8,0,0,46,2557.35,0,0.01372549,44.35848718,0,Oct,2,2,1,2,Returning_Visitor,FALSE,TRUE

0,0,0,0,12,410.25,0,0.016666667,0,0,Nov,2,2,3,2,Returning_Visitor,FALSE,FALSE
1,6.5,0,0,10,511.25,0,0.007407407,7.848538778,0,Dec,2,5,3,8,New_Visitor,TRUE,TRUE
2,21,1,802.5,48,2073.916667,0.003921569,0.02627451,0,0,Nov,2,2,3,2,Returning_Visitor,TRUE,FALSE
2,83,2,40,241,5194.79857,0.003101093,0.014304381,0.468406088,0,Dec,2,4,1,1,Returning_Visitor,FALSE,FALSE
0,0,0,0,24,610.6333333,0,0.020833333,0,0,Nov,1,1,3,2,Returning_Visitor,TRUE,TRUE
0,0,0,0,2,9,0,0.1,0,0,Dec,2,2,1,3,Returning_Visitor,FALSE,FALSE
0,0,0,0,58,2174.708333,0.004022989,0.015229885,0,0,Nov,1,2,1,1,Returning_Visitor,TRUE,TRUE
0,0,0,0,1,0,0.2,0.2,0,0,Nov,4,1,1,10,Returning_Visitor,TRUE,FALSE
1,32.3,1,26.5,51,1068.357692,0.01372549,0.043697479,7.570470024,0,Nov,2,10,2,2,Returning_Visitor,FALSE,FALSE
1,0,0,0,15,541.0625,0.052380952,0.093809524,0,0,Dec,2,4,5,1,Returning_Visitor,FALSE,FALSE
0,0,0,0,20,562.0071429,0,0.00125,0,0,Nov,1,1,1,3,Returning_Visitor,FALSE,FALSE
0,0,0,0,13,390.5,0.038461538,0.053846154,0,0,Dec,2,2,1,13,Returning_Visitor,FALSE,FALSE
9,441.85,0,0,122,2577.449603,0,0.010463332,75.27712913,0,Nov,1,1,1,2,Returning_Visitor,FALSE,TRUE
0,0,2,116,11,419.75,0,0.038461538,0,0,Dec,2,2,1,2,Returning_Visitor,FALSE,FALSE
8,106.8333333,1,96,16,373.4583333,0,0.028333333,0,0,Nov,2,2,3,2,Returning_Visitor,FALSE,FALSE
0,0,0,0,4,202.75,0,0.025,0,0,Nov,3,2,1,13,Returning_Visitor,FALSE,FALSE
1,49.5,0,0,65,3804.2875,0,0.0203125,0,0,Nov,2,5,3,13,Returning_Visitor,TRUE,FALSE
0,0,0,0,20,655.0416667,0,0.023928571,0,0,Dec,1,1,4,2,Returning_Visitor,FALSE,FALSE
0,0,0,0,23,462.2678571,0,0.004347826,0,0,Nov,1,1,1,10,Returning_Visitor,TRUE,FALSE
7,97.33333333,2,447.5,16,967.625,0,0.012727273,0,0,Dec,1,1,8,2,Returning_Visitor,FALSE,FALSE
0,0,0,0,5,219,0,0.04,0,0,Nov,1,8,7,6,Returning_Visitor,FALSE,FALSE
2,38.5,0,0,28,770.3095238,0.026666667,0.035396825,0,0,Nov,1,1,1,3,Returning_Visitor,FALSE,FALSE
6,539.5,0,0,11,602.5833333,0.008888889,0.02,0,0,Dec,3,2,1,1,Returning_Visitor,FALSE,FALSE
0,0,0,0,28,475.025,0,0.000446429,0,0,Nov,1,1,6,10,New_Visitor,FALSE,FALSE
3,21,0,0,19,750.2083333,0,0.019047619,60.51988521,0,Nov,2,2,2,3,Returning_Visitor,FALSE,TRUE
0,0,0,0,36,5300.291667,0,0.005714286,0,0,Nov,2,4,6,2,Returning_Visitor,FALSE,FALSE
9,188.5322344,3,197.4166667,76,1758.912393,0.004901961,0.016913178,22.86584543,0,Dec,3,2,2,6,Returning_Visitor,FALSE,FALSE
5,179.5,1,43.5,12,482.75,0,0.007692308,0,0,Dec,2,2,4,2,Returning_Visitor,FALSE,FALSE
0,0,0,0,5,147.5,0,0.04,0,0,Dec,2,2,2,8,Returning_Visitor,FALSE,FALSE
0,0,0,0,12,279.547619,0,0.019047619,0,0,Nov,3,2,1,3,Returning_Visitor,FALSE,FALSE
4,64.66666667,0,0,38,1445.666667,0,0.005263158,52.11335786,0,Nov,2,2,1,2,New_Visitor,FALSE,TRUE
4,77.66666667,0,0,8,159.75,0.016666667,0.038888889,0,0,Nov,3,2,3,2,Returning_Visitor,FALSE,TRUE
1,11,0,0,23,835.5833333,0.009090909,0.022727273,0,0,Nov,2,2,1,10,Returning_Visitor,TRUE,FALSE
0,0,0,0,5,99.5,0,0.04,0,0,Nov,1,1,4,2,Returning_Visitor,FALSE,FALSE
0,0,0,0,5,720.5,0.16,0.18,0,0,Nov,3,2,2,13,Returning_Visitor,FALSE,FALSE
2,36.5,0,0,32,770.375,0,0.01372549,0,0,Dec,2,2,3,2,Returning_Visitor,FALSE,FALSE
1,43.5,3,230.1666667,93,3773.715179,0.004123711,0.018162523,17.77043431,0,Nov,2,2,1,2,Returning_Visitor,FALSE,TRUE
2,33,0,0,91,2023.75,0.004731183,0.018752216,0,0,Nov,2,2,3,3,Returning_Visitor,FALSE,FALSE
0,0,0,0,0,0,0.2,0.2,0,0,Nov,1,1,9,2,Returning_Visitor,FALSE,FALSE
7,286.8333333,0,0,49,1493.695238,0.005390836,0.015750591,0,0,Dec,3,2,3,10,Returning_Visitor,TRUE,FALSE
5,56.6,0,0,55,1058.338095,0,0.007142857,37.21183634,0,Nov,2,2,1,3,Returning_Visitor,FALSE,TRUE
0,0,0,0,5,60,0,0.053333333,0,0,Dec,2,2,1,20,Returning_Visitor,FALSE,FALSE
3,82.5,1,56.5,54,2295,0.007272727,0.014545455,0,0,Dec,1,1,1,10,Returning_Visitor,TRUE,FALSE
0,0,0,0,9,198.1333333,0,0.053333333,0,0,Nov,1,1,9,2,Returning_Visitor,FALSE,FALSE
0,0,0,0,35,729.2916667,0,0.009387755,0,0,Dec,2,2,3,2,Returning_Visitor,FALSE,FALSE
4,49.5,0,0,4,180.5,0.028571429,0.028571429,0,0,Dec,3,2,6,10,Returning_Visitor,FALSE,FALSE
0,0,0,0,38,1185.986275,0,0.009501385,0,0,Nov,1,1,4,3,Returning_Visitor,FALSE,FALSE
0,0,0,0,70,1473.701515,0.008695652,0.032370528,0,0,Nov,1,1,1,2,Returning_Visitor,FALSE,FALSE
1,43.5,0,0,25,1055.583333,0.007407407,0.022839506,0,0,Dec,1,1,1,2,Returning_Visitor,FALSE,FALSE
0,0,0,0,29,1211.166667,0,0.006896552,0,0,Nov,2,2,4,2,New_Visitor,FALSE,TRUE
0,0,0,0,1,0,0.2,0.2,0,0,Dec,2,2,1,13,New_Visitor,FALSE,FALSE
0,0,0,0,6,82.5,0,0.033333333,0,0,Dec,2,2,1,2,Returning_Visitor,FALSE,FALSE
11,524.75,3,258.625,197,6309.427034,0.006113821,0.011878229,3.364060957,0,Nov,2,10,1,2,Returning_Visitor,FALSE,TRUE
0,0,0,0,8,163.5,0.1,0.125,0,0,Nov,3,2,1,10,Returning_Visitor,FALSE,FALSE
1,26.5,0,0,71,1260.441758,0.001449275,0.008792271,3.74015068,0,Nov,2,2,1,1,Returning_Visitor,FALSE,TRUE
0,0,0,0,1,0,0.2,0.2,0,0,Dec,3,2,4,2,Returning_Visitor,FALSE,FALSE
1,23,0,0,16,281.75,0,0.014285714,0,0,Nov,8,2,1,2,Returning_Visitor,FALSE,FALSE
5,3398.75,6,2549.375,449,63973.52223,0.000764406,0.02770134,0,0,Dec,2,2,1,2,Returning_Visitor,FALSE,FALSE
0,0,0,0,15,372.0833333,0,0.04,0,0,Nov,2,2,1,2,New_Visitor,TRUE,FALSE
3,65.92857143,0,0,17,557.6869048,0,0.009803922,25.27760515,0,Dec,2,2,2,2,Returning_Visitor,FALSE,TRUE
0,0,0,0,3,0,0.2,0.2,0,0,Dec,3,2,6,1,Returning_Visitor,FALSE,FALSE
0,0,0,0,11,170.5,0,0.018181818,0,0,Nov,1,8,1,11,Returning_Visitor,TRUE,FALSE
3,15,0,0,102,4021.172222,0,0.01,0,0,Nov,2,2,1,2,Returning_Visitor,TRUE,FALSE
0,0,0,0,5,81.08333333,0.04,0.05,0,0,Dec,3,2,1,2,New_Visitor,FALSE,FALSE
2,83,0,0,15,630,0,0.003333333,42.23025869,0,Dec,4,1,3,1,Returning_Visitor,TRUE,TRUE
0,0,0,0,1,0,0.2,0.2,0,0,Dec,1,2,1,1,Returning_Visitor,FALSE,FALSE
1,12,0,0,63,2138.383333,0,0.012282691,0,0,Dec,2,2,7,1,Returning_Visitor,FALSE,FALSE
0,0,0,0,143,4977.850893,0.008732394,0.038977353,0,0,Nov,2,2,3,1,Returning_Visitor,FALSE,FALSE
0,0,0,0,26,1312.333333,0.036538462,0.054230769,0,0,Nov,3,2,1,13,Returning_Visitor,FALSE,FALSE
0,0,0,0,3,61.75,0,0.066666667,0,0,Nov,2,10,1,3,Returning_Visitor,FALSE,FALSE
0,0,0,0,14,1131.208333,0,0.015384615,94.19490268,0,Nov,3,2,3,11,Returning_Visitor,TRUE,TRUE
0,0,0,0,2,17,0,0.1,0,0,Dec,2,2,1,10,Returning_Visitor,FALSE,FALSE
0,0,0,0,2,57.5,0,0.1,0,0,Dec,1,1,4,2,Returning_Visitor,FALSE,FALSE
4,67.5,0,0,25,475.65,0.014285714,0.042857143,0,0,Nov,1,1,3,3,Returning_Visitor,FALSE,FALSE
4,75.75,0,0,71,3534.298611,0.00890411,0.023832104,0,0,Nov,2,2,1,2,Returning_Visitor,FALSE,FALSE
0,0,0,0,18,1093.083333,0.011111111,0.011481481,0,0,Nov,3,2,3,1,Returning_Visitor,FALSE,FALSE
0,0,0,0,10,516.75,0.02,0.08,0,0,Dec,4,2,3,1,Returning_Visitor,FALSE,FALSE
2,90.17857143,2,88.5,19,1214.307692,0.022727273,0.031677489,15.52703405,0,Nov,1,1,4,2,Returning_Visitor,FALSE,TRUE
3,123.5,1,0,22,759.5833333,0,0.0096,46.6785275,0,Nov,1,1,3,2,Returning_Visitor,FALSE,TRUE
8,825,1,55.5,148,8629.783691,0.0095,0.019155126,1.60801626,0,Nov,1,1,2,2,Returning_Visitor,FALSE,FALSE
8,935.1,1,21,172,10524.35936,0.005046115,0.01576463,2.924161864,0,Nov,3,2,1,3,Returning_Visitor,FALSE,TRUE
2,1145.25,3,91.30357143,46,2756.19246,0,0.01765792,0,0,Nov,3,2,1,2,Returning_Visitor,TRUE,FALSE
1,35.75,0,0,7,1173,0,0.028571429,76.7809411,0,Nov,2,4,9,2,Returning_Visitor,FALSE,FALSE
6,65,0,0,4,40,0,0.014285714,0,0,Dec,2,2,1,2,New_Visitor,FALSE,FALSE
2,50.5,0,0,29,2147.375,0,0.006896552,0,0,Dec,2,2,7,2,New_Visitor,FALSE,FALSE
0,0,0,0,20,1175.488095,0,0.021052632,0,0,Dec,3,2,3,13,Returning_Visitor,FALSE,FALSE
0,0,0,0,5,404.5,0,0.05,0,0,Nov,2,2,1,13,Returning_Visitor,FALSE,FALSE
0,0,0,0,2,264.75,0,0.1,0,0,Nov,1,1,9,3,Returning_Visitor,FALSE,FALSE
7,169.5,0,0,50,1557.916667,0.003773585,0.013207547,0,0,Dec,1,1,3,2,Returning_Visitor,FALSE,FALSE
1,49.5,0,0,14,207.5416667,0,0.015384615,0,0,Dec,2,4,1,2,New_Visitor,FALSE,FALSE
0,0,0,0,8,135.25,0,0.05,0,0,Nov,2,2,9,1,Returning_Visitor,FALSE,FALSE
0,0,0,0,8,493.75,0,0.05,0,0,Nov,2,2,4,20,Other,FALSE,FALSE
2,256.5,0,0,10,117.25,0.110714286,0.130952381,0,0,Nov,2,2,7,11,Returning_Visitor,TRUE,TRUE
1,19,0,0,10,349.8333333,0,0.00625,0,0,Dec,3,2,8,8,New_Visitor,FALSE,FALSE
0,0,0,0,35,1579.333333,0.005714286,0.02,0,0,Nov,2,2,1,1,New_Visitor,FALSE,FALSE
0,0,1,6,71,1375.264286,0.005633803,0.017425336,0,0,Dec,2,2,3,2,New_Visitor,FALSE,TRUE
4,141.5,0,0,3,59.5,0,0.025,0,0,Dec,1,1,2,8,New_Visitor,FALSE,FALSE
1,90,0,0,37,592.8375,0.009817814,0.051919272,0,0,Nov,2,2,1,11,Returning_Visitor,FALSE,FALSE
0,0,0,0,11,499,0,0.018181818,0,0,Dec,4,1,1,2,Returning_Visitor,FALSE,FALSE
2,28,0,0,27,434.5,0,0.006896552,0,0,Nov,8,2,7,2,New_Visitor,FALSE,TRUE
0,0,0,0,23,1375.916667,0.039130435,0.093478261,0,0,Nov,3,2,8,13,Returning_Visitor,FALSE,FALSE
0,0,0,0,7,87,0,0.028571429,0,0,Dec,8,13,9,20,Other,FALSE,FALSE
5,150,0,0,135,4966.520661,0.003649635,0.011277952,0,0,Nov,1,1,2,10,Returning_Visitor,TRUE,FALSE
6,416,2,121,94,2881.684524,0.006122449,0.025340136,0,0,Nov,3,2,2,13,Returning_Visitor,FALSE,FALSE
1,20,0,0,21,442,0.008695652,0.020289855,42.28127491,0,Nov,2,2,1,13,Returning_Visitor,FALSE,FALSE
10,247.15,3,788,111,2556.373335,0.000423729,0.00814597,2.514977953,0,Nov,2,2,1,3,Returning_Visitor,FALSE,FALSE
9,333.8674242,4,121.625,29,1406.917424,0.017567568,0.021302211,20.74810067,0,Nov,3,2,6,1,Returning_Visitor,FALSE,FALSE
0,0,0,0,26,955.375,0,0.008333333,0,0,Dec,2,2,7,2,New_Visitor,TRUE,FALSE
9,192.9204545,2,114.5,60,1394.236526,0,0.003030303,63.64653548,0,Dec,2,2,7,2,Returning_Visitor,FALSE,TRUE
0,0,0,0,22,704,0,0.004761905,0,0,Nov,2,2,2,2,Returning_Visitor,FALSE,FALSE
0,0,0,0,7,197,0.028571429,0.042857143,0,0,Dec,3,2,9,2,Returning_Visitor,FALSE,FALSE
12,171.2916667,2,55.5,213,7443.407447,0.003958333,0.014633794,0,0,Nov,2,2,1,1,Returning_Visitor,FALSE,FALSE
0,0,0,0,10,455,0,0.022222222,25.7526389,0,Dec,1,1,2,2,New_Visitor,FALSE,TRUE
1,0,2,57.5,63,1980.238095,0,0.015025253,0,0,Nov,3,2,1,2,New_Visitor,TRUE,FALSE
5,46.5,0,0,3,26,0,0.028571429,0,0,Nov,2,2,1,2,Returning_Visitor,FALSE,TRUE
1,81,0,0,15,914.5,0,0.014285714,56.5802171,0,Nov,2,2,2,11,Returning_Visitor,TRUE,TRUE
0,0,0,0,20,804.25,0.015,0.028333333,0,0,Nov,3,2,8,1,Returning_Visitor,FALSE,FALSE
4,49.85714286,0,0,94,4804.834524,0.008843537,0.023561816,0,0,Nov,2,2,1,2,Returning_Visitor,FALSE,TRUE
0,0,0,0,14,536,0,0.01025641,0,0,Dec,1,1,3,10,Returning_Visitor,FALSE,FALSE
0,0,0,0,3,0,0.2,0.2,0,0,Nov,1,1,4,10,Returning_Visitor,TRUE,FALSE
2,41.75,2,30,25,596.075,0.001538462,0.02014652,0,0,Nov,2,2,3,1,Returning_Visitor,FALSE,FALSE
0,0,0,0,28,2076.966667,0.003846154,0.017948718,0,0,Dec,2,2,8,2,Returning_Visitor,FALSE,FALSE
2,126.75,0,0,22,2281.583333,0.02969697,0.043686869,0,0,Dec,3,2,2,3,Returning_Visitor,FALSE,FALSE
1,2,0,0,143,5149.434919,0.004195804,0.014489415,0,0,Nov,2,2,1,1,Returning_Visitor,TRUE,FALSE
0,0,1,41.5,98,2400.037843,0.000183655,0.011646771,0,0,Nov,2,2,1,2,Returning_Visitor,FALSE,TRUE
2,67,0,0,10,234.6384615,0.054545455,0.064935065,0,0,Nov,3,2,3,13,Returning_Visitor,TRUE,FALSE
0,0,0,0,21,947.3928571,0.01,0.033333333,0,0,Dec,1,1,1,10,Returning_Visitor,TRUE,FALSE
0,0,0,0,5,186.5,0,0.04,0,0,Nov,2,2,1,2,Returning_Visitor,FALSE,FALSE
0,0,1,62.5,67,2876.441667,0.015196078,0.027326203,0,0,Dec,2,2,1,1,Returning_Visitor,FALSE,FALSE
0,0,0,0,10,478.5,0,0.02,0,0,Nov,4,1,1,2,New_Visitor,FALSE,FALSE
3,29.75,0,0,12,398.9803922,0,0.005555556,50.51764193,0,Nov,2,2,2,2,New_Visitor,FALSE,TRUE
4,122.25,0,0,45,2007.522619,0.013043478,0.018657031,0,0,Nov,1,1,4,2,Returning_Visitor,FALSE,FALSE
7,60.29166667,0,0,8,108.5,0.013333333,0.048666667,0,0,Dec,2,2,2,6,Returning_Visitor,FALSE,FALSE
0,0,0,0,9,246.5,0.125925926,0.138888889,0,0,Nov,1,1,3,1,Returning_Visitor,FALSE,FALSE
7,131.8333333,0,0,63,2074.611111,0.010793651,0.02000962,0,0,Dec,3,2,3,10,Returning_Visitor,FALSE,FALSE
0,0,0,0,6,291,0,0.033333333,0,0,Nov,2,6,7,1,Returning_Visitor,FALSE,FALSE
1,4,4,123.3333333,79,2387.139881,0.028733963,0.046198341,0,0,Nov,3,2,1,13,Returning_Visitor,TRUE,FALSE
1,56.5,0,0,16,541.875,0,0.0125,15.14864831,0,Nov,2,4,9,8,New_Visitor,FALSE,TRUE
0,0,0,0,5,187.5,0,0.04,0,0,Dec,2,5,8,2,Returning_Visitor,TRUE,FALSE
0,0,0,0,28,341.4583333,0,0.007407407,0,0,Dec,2,4,3,10,New_Visitor,FALSE,FALSE
0,0,0,0,12,173.5,0,0.008333333,0,0,Dec,2,2,2,2,Returning_Visitor,FALSE,FALSE
2,84,0,0,30,597.6330532,0.006666667,0.005925926,0,0,Nov,1,8,1,11,Returning_Visitor,TRUE,FALSE
0,0,0,0,4,69,0,0.05,0,0,Nov,3,2,1,3,Returning_Visitor,FALSE,FALSE
3,548.5,0,0,9,117,0,0.016666667,0,0,Nov,2,4,1,2,Returning_Visitor,TRUE,FALSE
0,0,0,0,10,294.75,0,0.03,0,0,Dec,1,1,3,8,New_Visitor,FALSE,FALSE
3,19.25,0,0,8,713.5833333,0,0.046969697,0,0,Nov,3,2,1,10,Returning_Visitor,TRUE,FALSE
1,2,0,0,79,1319.547421,0.005128205,0.00962556,0,0,Nov,1,1,1,3,Returning_Visitor,FALSE,FALSE
5,63,0,0,27,458.5,0,0.005952381,0,0,Dec,2,2,6,2,New_Visitor,TRUE,FALSE
0,0,0,0,3,41.5,0.066666667,0.133333333,0,0,Nov,2,2,1,1,Returning_Visitor,TRUE,FALSE
0,0,0,0,14,267.25,0,0.021428571,0,0,Nov,3,2,1,11,New_Visitor,TRUE,FALSE
0,0,0,0,17,1059.575,0,0.011764706,62.76294758,0,Nov,2,2,1,2,New_Visitor,FALSE,TRUE
0,0,0,0,21,173,0.00952381,0.023809524,0,0,Dec,1,2,3,3,Returning_Visitor,FALSE,FALSE
0,0,0,0,1,0,0.2,0.2,0,0,Nov,2,2,1,1,Returning_Visitor,FALSE,FALSE
2,14,0,0,65,2130.447802,0.016923077,0.024589744,20.60235987,0,Nov,3,2,1,1,Returning_Visitor,FALSE,FALSE
2,58.5,0,0,37,1351.908333,0.005405405,0.018670099,5.464243549,0,Dec,2,2,3,1,Returning_Visitor,FALSE,FALSE
0,0,0,0,1,24.5,0,0.1,0,0,Dec,2,4,3,1,Returning_Visitor,FALSE,FALSE
0,0,0,0,8,561.5,0,0.05,0,0,Dec,2,4,7,20,Returning_Visitor,FALSE,FALSE
0,0,0,0,39,805.7916667,0.007692308,0.013846154,0,0,Dec,2,2,4,1,Returning_Visitor,FALSE,FALSE
5,140.5833333,2,87,69,1918.902722,0.003424658,0.021575342,0,0,Nov,2,2,3,2,Returning_Visitor,FALSE,FALSE
1,492.1666667,0,0,63,4518.297619,0.012698413,0.039761905,8.137274079,0,Nov,2,2,2,1,Returning_Visitor,FALSE,TRUE
0,0,0,0,33,2199.5,0,0.008080808,0,0,Dec,2,2,6,2,New_Visitor,FALSE,FALSE
4,63.875,1,0,43,1329.686508,0.015646259,0.036603499,0,0,Nov,3,2,1,2,Returning_Visitor,FALSE,TRUE
4,104,0,0,8,243.5,0,0.016666667,0,0,Dec,2,2,3,2,New_Visitor,FALSE,FALSE
0,0,0,0,8,166,0.0625,0.116666667,0,0,Nov,3,2,6,3,Returning_Visitor,FALSE,FALSE
0,0,0,0,8,184.375,0,0.013333333,0,0,Nov,1,2,9,2,Returning_Visitor,FALSE,FALSE
1,51.5,0,0,21,730.15,0,0.012121212,0,0,Nov,2,2,4,2,New_Visitor,FALSE,FALSE
0,0,0,0,1,35.25,0,0.066666667,0,0,Nov,1,1,3,2,Returning_Visitor,FALSE,FALSE
0,0,0,0,52,2180.217803,0,0.012515263,0,0,Dec,2,2,4,2,Returning_Visitor,FALSE,FALSE
6,109.6666667,0,0,7,86.16666667,0.006666667,0.051111111,0,0,Dec,2,5,7,2,Returning_Visitor,FALSE,TRUE
0,0,0,0,11,1027,0,0.054545455,0,0,Nov,2,2,2,3,Returning_Visitor,FALSE,FALSE
0,0,0,0,13,173.25,0.046153846,0.061538462,0,0,Dec,2,2,3,1,Returning_Visitor,FALSE,FALSE
4,588.2972222,0,0,13,631.0674603,0.007058824,0.033529412,0,0,Nov,2,12,7,2,Returning_Visitor,FALSE,FALSE
1,9,1,29.5,23,1157.583333,0.007692308,0.053846154,0,0,Nov,2,2,7,2,Returning_Visitor,FALSE,FALSE
0,0,0,0,4,129.5,0,0.05,0,0,Dec,8,13,9,20,Other,FALSE,FALSE
6,72.01960784,4,343,157,4461.28524,8.08E-05,0.007018826,31.85608032,0,Dec,2,4,3,2,Returning_Visitor,FALSE,TRUE
0,0,0,0,5,1377.25,0.18,0.186666667,0,0,Nov,3,2,6,1,Returning_Visitor,FALSE,FALSE
6,265.0416667,0,0,59,2934.236722,0.006666667,0.022333333,6.099899016,0,Nov,1,2,1,2,Returning_Visitor,FALSE,FALSE
2,35.5,0,0,29,3296.65,0.009677419,0.021935484,18.25059634,0,Dec,4,2,9,8,Returning_Visitor,FALSE,FALSE
0,0,0,0,37,1065.25641,0.020767196,0.054225865,0,0,Dec,1,1,8,1,Returning_Visitor,TRUE,FALSE
5,157.5,3,433.5,9,599.5,0,0.020833333,0,0,Nov,1,1,1,2,New_Visitor,FALSE,FALSE
4,537.5,0,0,12,748.9583333,0.0125,0.021875,0,0,Dec,2,5,7,2,Returning_Visitor,FALSE,FALSE
0,0,0,0,1,0,0.2,0.2,0,0,Dec,2,2,8,1,Returning_Visitor,FALSE,FALSE
0,0,0,0,25,566.8833333,0,0.035619048,0,0,Nov,2,2,3,1,Returning_Visitor,TRUE,FALSE
0,0,2,89,188,5728.673611,0.003409759,0.01638112,0,0,Nov,2,2,1,2,Returning_Visitor,FALSE,FALSE
0,0,0,0,7,203.25,0,0.028571429,0,0,Nov,1,1,3,3,Returning_Visitor,FALSE,FALSE
4,171.5,0,0,75,2416.060484,0.007699443,0.036664764,0,0,Nov,2,2,2,1,Returning_Visitor,FALSE,TRUE
2,21.25,0,0,15,305.2083333,0,0.010784314,0,0,Nov,2,4,7,2,Returning_Visitor,FALSE,FALSE
0,0,0,0,21,335.4166667,0,0.018170426,0,0,Nov,1,1,1,10,Returning_Visitor,FALSE,FALSE
0,0,0,0,33,960.125,0.006060606,0.019292929,0,0,Dec,2,6,1,3,Returning_Visitor,TRUE,FALSE
4,191.1666667,0,0,108,4656.331746,0.006456456,0.018326694,0,0,Nov,3,2,1,10,Returning_Visitor,FALSE,FALSE
2,98.75,0,0,24,683.1653846,0,0.011111111,0,0,Dec,2,2,1,2,Returning_Visitor,FALSE,FALSE
0,0,0,0,3,823.5,0,0.066666667,0,0,Dec,2,2,3,8,Returning_Visitor,FALSE,FALSE
2,386,0,0,72,712.2960784,0,0.000913242,0,0,Nov,2,2,4,2,New_Visitor,FALSE,FALSE
0,0,0,0,10,279.3333333,0.02,0.025,0,0,Nov,3,2,9,2,New_Visitor,FALSE,FALSE
0,0,0,0,33,2193.541667,0,0.008602151,0,0,Nov,2,2,2,6,Returning_Visitor,FALSE,FALSE
0,0,0,0,7,611.0833333,0,0.016666667,0,0,Dec,3,2,6,8,New_Visitor,FALSE,FALSE
0,0,0,0,2,14,0,0.1,0,0,Dec,2,2,2,2,Returning_Visitor,FALSE,FALSE
1,24.5,0,0,27,1792.466667,0,0.01469428,0,0,Dec,2,2,2,2,Returning_Visitor,FALSE,FALSE
8,162.4166667,2,102,25,357.1666667,0.007407407,0.015873016,0,0,Dec,4,1,3,2,Returning_Visitor,TRUE,FALSE
0,0,0,0,3,1666.5,0,0.033333333,0,0,Nov,2,5,3,3,Returning_Visitor,FALSE,FALSE
0,0,0,0,12,846.25,0,0.018181818,40.4014481,0,Dec,2,6,1,6,New_Visitor,FALSE,TRUE
0,0,0,0,6,129.5,0,0.033333333,0,0,Dec,2,2,1,11,New_Visitor,FALSE,FALSE
8,156.25,0,0,48,1481.108333,0.003773585,0.008176101,0,0,Dec,2,4,4,1,Returning_Visitor,FALSE,FALSE
1,95.33333333,0,0,16,819.3333333,0,0.015625,25.25564195,0,Dec,2,2,7,2,New_Visitor,FALSE,TRUE
1,51.5,0,0,12,549.25,0,0.015384615,0,0,Dec,2,2,2,2,New_Visitor,FALSE,FALSE
1,33.5,0,0,34,1181.85119,0,0.03515625,0,0,Nov,1,1,1,2,Returning_Visitor,FALSE,TRUE
0,0,0,0,9,355.5,0.022222222,0.044444444,0,0,Nov,3,2,1,3,Returning_Visitor,FALSE,FALSE
0,0,0,0,2,0,0.2,0.2,0,0,Nov,3,2,7,3,Returning_Visitor,FALSE,FALSE
0,0,0,0,18,230.1666667,0.033333333,0.038888889,0,0,Dec,2,2,1,1,Returning_Visitor,FALSE,FALSE
0,0,2,193.5,29,2141.902778,0.029032258,0.042319508,0,0,Dec,2,2,1,3,Returning_Visitor,FALSE,FALSE
0,0,0,0,1,0,0.2,0.2,0,0,Nov,1,1,1,3,Returning_Visitor,FALSE,FALSE
7,490.5,0,0,43,1286.916667,0,0.01037037,0,0,Dec,2,2,3,1,New_Visitor,FALSE,FALSE
5,191.25,0,0,27,1109.25,0.013793103,0.024137931,9.022741507,0,Nov,2,6,1,1,Returning_Visitor,FALSE,FALSE
0,0,0,0,1,0,0.2,0.2,0,0,Nov,2,7,3,1,Returning_Visitor,FALSE,FALSE
4,60.16666667,3,164.5,159,5608.913545,0.002453988,0.018075125,2.702517858,0,Dec,2,2,3,1,Returning_Visitor,FALSE,TRUE
9,234.4333333,0,0,20,590.5833333,0.025925926,0.040922619,0,0,Nov,2,2,7,1,Returning_Visitor,FALSE,FALSE
7,82.76666667,1,47,391,15025.23302,0.001515152,0.010140622,1.271406629,0,Nov,2,2,1,1,Returning_Visitor,FALSE,FALSE
1,4,1,12,16,1012.964286,0.011764706,0.023529412,0,0,Dec,2,2,7,10,Returning_Visitor,FALSE,FALSE
5,70.33333333,0,0,29,1049.313889,0.025595238,0.054241071,0,0,Nov,3,2,3,2,Returning_Visitor,TRUE,FALSE
3,68.58333333,0,0,72,1781.191667,0.008219178,0.015174871,0,0,Nov,1,1,1,8,Returning_Visitor,TRUE,FALSE
6,294.0705128,6,1343.25,51,3472.870513,0.011866969,0.037170572,0,0,Nov,2,2,1,2,Returning_Visitor,FALSE,FALSE
7,147.1666667,0,0,10,146,0.053333333,0.068888889,0,0,Dec,1,1,2,1,Returning_Visitor,FALSE,FALSE
0,0,0,0,4,562,0.075,0.1,0,0,Dec,3,2,3,13,Returning_Visitor,FALSE,FALSE
0,0,0,0,37,1369.775,0,0.014814815,0,0,Dec,2,2,3,2,Returning_Visitor,FALSE,FALSE
15,317.0189394,3,126.75,238,9956.225533,0.0052,0.016955684,6.556237434,0,Nov,2,4,3,1,Returning_Visitor,TRUE,TRUE
0,0,0,0,7,16,0,0.033333333,0,0,Dec,1,1,1,2,Returning_Visitor,TRUE,FALSE
5,190,0,0,12,307.6666667,0,0.013333333,0,0,Nov,2,2,9,8,New_Visitor,FALSE,FALSE
0,0,0,0,20,2403.25,0.01,0.03,0,0,Dec,2,2,3,2,New_Visitor,FALSE,FALSE
0,0,0,0,1,0,0.2,0.2,0,0,Nov,2,6,2,1,Returning_Visitor,FALSE,FALSE
0,0,0,0,18,773.2,0,0.0125,46.4748023,0,Nov,1,1,3,1,New_Visitor,FALSE,TRUE
5,110.95,0,0,23,448.25,0.024,0.043333333,0,0,Nov,3,2,8,11,Returning_Visitor,FALSE,FALSE
3,224.3,5,487,74,1845.958333,0.002531646,0.017679325,34.67841487,0,Nov,2,2,1,10,Returning_Visitor,TRUE,TRUE
0,0,4,147.5,45,1424.839744,0.012244898,0.031739553,0,0,Dec,1,1,3,2,Returning_Visitor,TRUE,FALSE
0,0,0,0,1,0,0.2,0.2,0,0,Dec,1,1,1,1,Returning_Visitor,TRUE,FALSE
12,159.8958333,0,0,121,3648.5625,0.001927438,0.009409219,3.322866215,0,Nov,2,2,5,7,Returning_Visitor,FALSE,FALSE
0,0,0,0,7,300.5,0.085714286,0.114285714,0,0,Nov,2,2,1,13,Returning_Visitor,FALSE,FALSE
0,0,0,0,36,756.0416667,0.005555556,0.008950617,0,0,Nov,2,5,1,10,Returning_Visitor,FALSE,FALSE
0,0,0,0,8,642,0,0.028571429,109.1211555,0,Dec,2,2,3,2,New_Visitor,FALSE,TRUE
3,110.5357143,7,330.2666667,10,396.3452381,0.011111111,0.031834215,0,0,Nov,3,2,4,2,Returning_Visitor,FALSE,FALSE
1,79,0,0,22,1017.166667,0.013043478,0.022318841,0,0,Nov,1,1,1,2,Returning_Visitor,TRUE,FALSE
6,239.3333333,0,0,31,1875.169444,0,0.025324675,21.85958403,0,Nov,1,1,1,2,Returning_Visitor,FALSE,FALSE
2,16,0,0,43,821.275,0.015873016,0.024900794,0,0,Nov,1,1,1,3,Returning_Visitor,FALSE,FALSE
1,390,0,0,26,1325.833333,0.007692308,0.025641026,0,0,Dec,2,2,1,1,Returning_Visitor,TRUE,FALSE
0,0,0,0,16,228.625,0,0.015,0,0,Dec,2,2,1,2,New_Visitor,FALSE,FALSE
0,0,0,0,38,1517.416739,0,0.004122807,0,0,Nov,4,2,4,2,Returning_Visitor,FALSE,FALSE
0,0,0,0,4,44.5,0,0.05,0,0,Dec,2,2,8,2,Returning_Visitor,FALSE,FALSE
4,69.66666667,1,23,161,6524.035369,0.005050505,0.013944826,45.41882207,0,Nov,2,2,3,2,Returning_Visitor,FALSE,TRUE
0,0,0,0,1,0,0,0.1,0,0,Nov,2,6,1,3,Returning_Visitor,FALSE,FALSE
4,47.5,0,0,37,839.2083333,0.005263158,0.017105263,12.96520279,0,Nov,1,1,1,2,Returning_Visitor,FALSE,TRUE
0,0,0,0,16,426.325,0,0.011904762,0,0,Nov,1,1,4,3,Returning_Visitor,FALSE,FALSE
1,11.16666667,3,63.5,28,2245.333333,0.002580645,0.028494624,36.2003121,0,Nov,4,2,1,11,Returning_Visitor,FALSE,TRUE
0,0,0,0,8,428.5,0.025,0.0375,0,0,Dec,2,2,1,2,Returning_Visitor,TRUE,FALSE
3,82.5,0,0,12,221.125,0.015384615,0.005128205,0,0,Nov,1,2,3,8,Returning_Visitor,FALSE,FALSE
0,0,0,0,4,67,0,0.05,0,0,Dec,2,2,9,2,Returning_Visitor,FALSE,FALSE
0,0,0,0,14,731.5,0.014285714,0.042857143,0,0,Nov,2,2,4,2,New_Visitor,FALSE,TRUE
11,752.3833333,3,14,108,4575.477552,0.016945141,0.026110286,3.401438792,0,Nov,1,1,1,2,Returning_Visitor,FALSE,FALSE
3,66.5,3,65.75,152,3684.321458,0.005194805,0.010451453,12.64606692,0,Nov,2,2,1,2,Returning_Visitor,FALSE,TRUE
0,0,0,0,21,882.75,0,0.020408163,0,0,Dec,2,2,2,2,New_Visitor,TRUE,FALSE
0,0,2,6.333333333,16,301.3333333,0.033333333,0.088888889,0,0,Nov,2,2,3,2,Returning_Visitor,FALSE,FALSE
3,29,0,0,2,11,0.075,0.075,0,0,Dec,1,1,4,8,Returning_Visitor,FALSE,FALSE
11,233.475,0,0,118,4251.208187,0,0.012659622,14.67198629,0,Nov,2,2,1,2,Returning_Visitor,FALSE,TRUE
0,0,0,0,4,157.5,0,0.05,0,0,Nov,2,4,9,2,Returning_Visitor,FALSE,FALSE
0,0,0,0,12,148.75,0.02,0.056666667,0,0,Nov,1,1,1,3,Returning_Visitor,FALSE,FALSE
5,134.75,3,16,165,6323.853465,0.010654414,0.02804138,3.512852934,0,Nov,1,1,1,2,Returning_Visitor,FALSE,TRUE
4,93.5,0,0,293,12268.24477,0.002837838,0.01542982,2.164809711,0,Nov,2,2,1,2,Returning_Visitor,FALSE,TRUE
2,34,2,9,174,4994.24915,0.006025974,0.015842941,0,0,Nov,2,2,1,8,Returning_Visitor,FALSE,FALSE
5,46.5,0,0,17,219.5,0.011111111,0.022222222,0,0,Dec,3,2,2,13,Returning_Visitor,FALSE,FALSE
11,365.1166667,4,65.5,149,6082.873739,0.011520436,0.027243522,0,0,Nov,1,1,3,2,Returning_Visitor,FALSE,FALSE
8,111.5416667,3,226,68,1664.14881,0.002702703,0.021846847,6.693658292,0,Dec,2,1,1,2,Returning_Visitor,FALSE,TRUE
0,0,0,0,2,35,0,0.05,0,0,Nov,2,2,1,10,New_Visitor,FALSE,FALSE
11,118.1785714,2,91.5,162,5399.231269,0.004859086,0.014667832,14.77221948,0,Nov,2,2,4,10,Returning_Visitor,FALSE,TRUE
0,0,0,0,6,50.83333333,0.033333333,0.05,0,0,Nov,1,1,3,2,New_Visitor,FALSE,FALSE
0,0,0,0,68,1723.753711,0.011940299,0.023681592,0,0,Nov,3,2,5,2,Returning_Visitor,FALSE,FALSE
4,643.8333333,0,0,17,508.25,0.031578947,0.052631579,0,0,Nov,2,4,1,1,Returning_Visitor,FALSE,FALSE
0,0,0,0,3,65.5,0.066666667,0.1,0,0,Nov,3,2,1,13,Returning_Visitor,FALSE,FALSE
0,0,0,0,20,968.75,0.015789474,0.018421053,73.98253901,0,Dec,1,2,1,1,Returning_Visitor,FALSE,TRUE
1,56.5,0,0,19,1089.75,0,0.003508772,24.872085,0,Dec,2,2,7,2,Returning_Visitor,FALSE,TRUE
7,165.9166667,2,150.5,42,3127.078788,0.009614512,0.021287825,0,0,Nov,1,1,3,2,Returning_Visitor,FALSE,FALSE
0,0,0,0,15,418.375,0,0.013333333,13.18554515,0,Dec,3,2,1,2,New_Visitor,TRUE,TRUE
0,0,0,0,53,2052.125,0,0.003921569,52.49862029,0,Nov,2,4,2,2,New_Visitor,TRUE,TRUE
0,0,2,12,0,0,0,0.1,0,0,Dec,2,2,1,2,Returning_Visitor,FALSE,FALSE
0,0,0,0,18,545.5,0,0.011111111,0,0,Nov,2,2,1,3,Returning_Visitor,FALSE,FALSE
3,37,0,0,62,1193,0.003076923,0.015384615,21.6018009,0,Nov,2,2,1,1,Returning_Visitor,FALSE,TRUE
3,143,0,0,17,331.8375,0.033333333,0.051234568,0,0,Dec,2,2,1,1,Returning_Visitor,TRUE,FALSE
0,0,0,0,36,2107.583333,0.014814815,0.03287037,0,0,Dec,3,2,1,2,Returning_Visitor,FALSE,FALSE
0,0,0,0,6,222,0,0.04,87.9029606,0,Dec,8,13,9,20,Other,FALSE,TRUE
1,13,1,28.5,39,1028.775,0,0.010436508,0,0,Dec,2,2,3,2,Returning_Visitor,FALSE,FALSE
8,993.0833333,1,28.5,90,2776.013582,0.002380952,0.017256944,0,0,Nov,3,2,3,2,Returning_Visitor,TRUE,FALSE
2,95,0,0,24,360.5416667,0.011538462,0.017948718,0,0,Dec,1,1,1,1,Returning_Visitor,FALSE,FALSE
0,0,2,50.5,95,4379.863158,0.006314433,0.033908935,0,0,Nov,2,2,1,2,Returning_Visitor,TRUE,FALSE
0,0,0,0,4,118.25,0,0.016666667,0,0,Dec,3,2,3,2,New_Visitor,FALSE,FALSE
0,0,0,0,19,347,0,0.010526316,0,0,Dec,2,2,2,1,Returning_Visitor,FALSE,FALSE
4,159,2,27.75,33,821.6825397,0.000617284,0.019343434,0,0,Dec,2,2,1,2,Returning_Visitor,FALSE,TRUE
0,0,0,0,1,0,0.2,0.2,0,0,Dec,1,1,1,3,New_Visitor,FALSE,FALSE
27,853.735949,2,126.5,584,24844.1562,0.00209938,0.009346937,4.511100422,0,Nov,2,4,3,8,Returning_Visitor,FALSE,FALSE
4,91,0,0,12,197,0,0.0375,0,0,Nov,2,2,1,2,New_Visitor,FALSE,FALSE
0,0,0,0,4,26,0,0.05,0,0,Nov,2,5,6,11,Returning_Visitor,TRUE,FALSE
0,0,3,75.5,60,2050.191803,0.008758782,0.028381703,0,0,Nov,3,2,1,3,Returning_Visitor,FALSE,FALSE
4,84.75,0,0,46,962.9011905,0.004444444,0.01212963,0,0,Dec,1,1,6,2,Returning_Visitor,FALSE,FALSE
1,183,0,0,28,586.3722222,0,0.004021164,0,0,Dec,3,2,6,10,Returning_Visitor,FALSE,TRUE
0,0,0,0,8,284.5,0,0.025,0,0,Dec,2,2,3,1,Returning_Visitor,FALSE,FALSE
0,0,0,0,1,0,0.2,0.2,0,0,Nov,3,2,4,3,Returning_Visitor,FALSE,FALSE
0,0,0,0,1,0,0.2,0.2,0,0,Nov,3,2,3,3,Returning_Visitor,FALSE,FALSE
1,0,0,0,65,732.0916667,0.00625,0.0203125,2.734351538,0,Dec,2,2,1,2,Returning_Visitor,TRUE,TRUE
0,0,0,0,2,0,0.2,0.2,0,0,Nov,1,1,1,3,Returning_Visitor,TRUE,FALSE
0,0,0,0,3,59,0,0.066666667,0,0,Dec,1,1,3,2,Other,FALSE,FALSE
2,70.5,0,0,20,855.6666667,0,0.013157895,0,0,Nov,2,2,9,20,New_Visitor,FALSE,FALSE
1,111,0,0,13,274.5833333,0,0.016666667,0,0,Nov,1,1,1,2,New_Visitor,FALSE,FALSE
0,0,0,0,5,111,0,0.04,0,0,Nov,2,2,1,2,New_Visitor,FALSE,FALSE
1,4,0,0,37,1828.375,0,0.013888889,8.258088766,0,Nov,4,1,2,3,Returning_Visitor,FALSE,TRUE
0,0,0,0,5,82,0,0.04,0,0,Nov,2,2,9,8,Returning_Visitor,FALSE,FALSE
0,0,0,0,8,247.5,0,0.00952381,0,0,Nov,2,2,9,2,New_Visitor,FALSE,TRUE
1,4,0,0,13,2123.5,0.015384615,0.030769231,42.74590431,0,Nov,2,2,1,3,Returning_Visitor,FALSE,TRUE
6,189.25,0,0,25,635.4916667,0.006666667,0.010222222,10.58098677,0,Nov,3,2,3,8,Returning_Visitor,TRUE,TRUE
5,60.5,0,0,5,50,0,0.025,0,0,Dec,8,13,9,20,Other,TRUE,TRUE
1,18,0,0,24,1332.25,0,0.008695652,0,0,Dec,2,2,1,2,New_Visitor,FALSE,FALSE
8,121.75,0,0,154,5253.069444,0.001273885,0.008832272,0,0,Nov,4,1,1,8,Returning_Visitor,TRUE,FALSE
0,0,0,0,19,593.75,0,0.014035088,0,0,Nov,2,2,1,2,New_Visitor,FALSE,FALSE
7,145,1,37.5,130,5252.861501,0.004411765,0.012009804,0.680988542,0,Nov,2,2,4,2,Returning_Visitor,FALSE,TRUE
1,33.5,0,0,18,1169,0,0.011764706,54.38258659,0,Dec,2,4,7,2,New_Visitor,FALSE,TRUE
0,0,0,0,21,987.9,0.01,0.016666667,0,0,Dec,2,4,2,1,Returning_Visitor,FALSE,FALSE
0,0,0,0,59,2886.841667,0,0.025574713,0,0,Nov,2,2,3,2,Returning_Visitor,FALSE,FALSE
3,30.75,0,0,17,473.1666667,0.013333333,0.0225,0,0,Nov,1,2,3,3,Returning_Visitor,FALSE,FALSE
2,3,4,161.5,137,4791.460889,0.004373522,0.020956372,5.482895824,0,Nov,2,2,1,2,Returning_Visitor,FALSE,TRUE
6,30.7,3,45,38,1481.783333,0.012244898,0.029387755,0,0,Nov,2,2,4,10,Returning_Visitor,FALSE,TRUE
3,65,0,0,29,386.2621212,0,0.000666667,0,0,Nov,8,2,9,2,Other,FALSE,FALSE
0,0,0,0,31,1144.972222,0.006666667,0.008333333,77.04199767,0,Dec,2,2,7,2,New_Visitor,FALSE,TRUE
7,44.29545455,0,0,44,2747.616288,0.024205128,0.062408964,0,0,Nov,2,2,7,1,Returning_Visitor,FALSE,FALSE
0,0,0,0,7,271.5,0,0.028571429,0,0,Nov,8,2,3,2,Returning_Visitor,FALSE,FALSE
4,70.25,1,139.5,58,3022.370406,0,0.009611111,0,0,Nov,1,1,2,2,New_Visitor,FALSE,TRUE
6,479.25,0,0,51,2156.525403,0,0.011878788,6.229994739,0,Nov,2,2,1,2,Returning_Visitor,FALSE,TRUE
2,123.75,0,0,21,938.3333333,0.01,0.016666667,218.3951915,0,Dec,1,1,3,2,Returning_Visitor,FALSE,FALSE
8,355,0,0,50,1039.599344,0.000925926,0.010164456,0,0,Nov,1,2,3,10,Returning_Visitor,FALSE,FALSE
0,0,0,0,8,721.4166667,0,0.00952381,0,0,Nov,2,5,3,8,New_Visitor,TRUE,FALSE
0,0,0,0,89,3480.811706,0.002247191,0.014700375,0,0,Nov,4,2,1,1,Returning_Visitor,TRUE,TRUE
22,438.3309524,3,703.5,178,6241.687398,0.002878526,0.016885589,2.038399449,0,Nov,2,2,1,10,Returning_Visitor,FALSE,TRUE
0,0,0,0,32,749.25,0,0.00625,0,0,Dec,2,2,3,8,New_Visitor,FALSE,FALSE
1,78,0,0,11,225.1666667,0.02,0.026666667,0,0,Nov,1,1,4,2,Returning_Visitor,FALSE,FALSE
1,40.5,0,0,49,1587.25,0,0.011538462,35.79969486,0,Nov,2,2,3,13,Returning_Visitor,FALSE,TRUE
0,0,0,0,9,1397.666667,0.022222222,0.027777778,0,0,Nov,3,2,4,2,Returning_Visitor,FALSE,FALSE
3,201.15,0,0,17,506.1833333,0,0.001666667,0,0,Dec,1,8,3,11,New_Visitor,FALSE,FALSE
0,0,1,14,104,7181.877778,0.008843537,0.023737786,0,0,Nov,2,2,1,2,Returning_Visitor,FALSE,FALSE
1,75.16666667,0,0,20,1173.417614,0,0.002,21.41943708,0,Nov,3,2,8,11,Returning_Visitor,FALSE,TRUE
0,0,1,36.5,17,318.25,0.011111111,0.05,17.96069044,0,Nov,2,5,1,1,Returning_Visitor,TRUE,TRUE
2,11,0,0,51,2855.166667,0,0.012745098,0,0,Nov,2,2,4,3,Returning_Visitor,FALSE,FALSE
0,0,0,0,27,1165.95,0.025925926,0.044444444,0,0,Dec,2,5,3,1,Returning_Visitor,TRUE,FALSE
1,31.25,0,0,31,1470.208333,0,0.012222222,0,0,Nov,3,2,3,8,New_Visitor,FALSE,TRUE
6,160,0,0,55,1707.666667,0,0.005357143,24.10206377,0,Dec,2,2,1,2,New_Visitor,FALSE,TRUE
0,0,0,0,26,532,0.030769231,0.044230769,0,0,Nov,2,2,1,1,Returning_Visitor,FALSE,FALSE
0,0,0,0,90,2636.138889,0.023333333,0.045777778,0,0,Nov,2,2,1,2,Returning_Visitor,FALSE,FALSE
0,0,0,0,24,452.4166667,0,0.020833333,0,0,Nov,2,2,3,2,Returning_Visitor,TRUE,TRUE
0,0,0,0,20,447.047619,0.01,0.028888889,0,0,Dec,1,2,3,2,New_Visitor,FALSE,TRUE
5,125.75,0,0,44,1113.309524,0.008333333,0.015625,18.9160732,0,Dec,3,2,1,1,Returning_Visitor,FALSE,FALSE
0,0,0,0,1,0,0.2,0.2,0,0,Dec,2,2,4,8,New_Visitor,FALSE,FALSE
5,1652,0,0,15,446.375,0,0.005882353,0,0,Dec,8,13,9,20,Other,FALSE,FALSE
0,0,0,0,25,952.6777778,0,0.023541667,23.57537117,0,Nov,2,2,3,11,Returning_Visitor,FALSE,TRUE
0,0,0,0,12,276,0,0.016666667,0,0,Dec,2,2,8,2,New_Visitor,FALSE,FALSE
18,505.4,1,10,105,4434.281746,0.005042017,0.029692564,4.528329755,0,Dec,2,2,1,1,Returning_Visitor,FALSE,FALSE
3,155.5,2,121,8,311.25,0,0.01,0,0,Nov,2,2,3,10,Returning_Visitor,FALSE,FALSE
1,2,0,0,16,323.2333333,0,0.013333333,0,0,Dec,3,2,8,8,Returning_Visitor,FALSE,FALSE
0,0,4,102,93,2835.417641,0.00754386,0.037316087,0,0,Dec,2,2,4,1,Returning_Visitor,FALSE,FALSE
9,223,1,93,76,2893.940476,0.002409639,0.014859438,1.935491302,0,Nov,1,2,3,8,Returning_Visitor,FALSE,FALSE
2,48.66666667,4,155.3333333,20,540.75,0,0.004166667,38.88816225,0,Nov,2,2,3,2,Returning_Visitor,FALSE,TRUE
5,98.75,0,0,126,6085.002381,0,0.004264323,28.79847144,0,Nov,2,2,1,2,Returning_Visitor,FALSE,TRUE
0,0,0,0,22,1390.083333,0,0.004761905,0,0,Nov,2,2,4,8,New_Visitor,TRUE,FALSE
2,95,0,0,20,1031.083333,0,0.021052632,68.20038032,0,Dec,2,2,1,10,Returning_Visitor,FALSE,FALSE
0,0,0,0,19,539.15,0.010526316,0.003947368,0,0,Nov,3,2,3,3,Returning_Visitor,FALSE,FALSE
4,112.5,0,0,26,1657,0.007407407,0.020987654,5.237224754,0,Nov,2,2,1,13,Returning_Visitor,FALSE,FALSE
2,334.5,2,29,17,939.0833333,0,0.0225,18.22304387,0,Dec,2,2,1,6,Returning_Visitor,FALSE,TRUE
8,671.0833333,0,0,32,1403.828355,0,0.003153153,37.05600958,0,Nov,2,2,3,2,Returning_Visitor,FALSE,TRUE
0,0,0,0,3,46,0,0.033333333,0,0,Dec,1,2,3,2,Returning_Visitor,FALSE,FALSE
5,83,0,0,5,29.5,0.044444444,0.059259259,0,0,Dec,1,1,4,2,Returning_Visitor,TRUE,FALSE
1,28.25,0,0,30,1862.333333,0,0.026436782,0,0,Nov,3,2,1,13,Returning_Visitor,FALSE,FALSE
0,0,0,0,18,894.5809524,0,0.007142857,0,0,Dec,3,2,4,6,Returning_Visitor,FALSE,FALSE
0,0,0,0,15,475.6666667,0.013333333,0.013333333,0,0,Dec,1,1,3,8,New_Visitor,FALSE,FALSE
12,356.125,0,0,44,2187.338725,0.005102041,0.029042386,0,0,Dec,1,1,8,1,Returning_Visitor,FALSE,FALSE
7,144.4615385,4,167.1666667,111,2312.337853,0.005128205,0.013887559,8.191922892,0,Nov,1,1,1,2,Returning_Visitor,FALSE,TRUE
0,0,0,0,70,1652.486111,0,0.008695652,0,0,Nov,1,2,3,8,New_Visitor,FALSE,FALSE
1,0,2,6.5,63,5826.333333,0.000793651,0.026719577,0,0,Nov,3,2,1,3,Returning_Visitor,TRUE,FALSE
0,0,0,0,6,198.75,0.016666667,0.023333333,0,0,Nov,2,5,7,3,Returning_Visitor,TRUE,FALSE
0,0,0,0,7,197,0,0.042857143,0,0,Dec,2,2,3,2,New_Visitor,FALSE,FALSE
0,0,0,0,22,464.3833333,0,0.002272727,0,0,Nov,2,2,1,8,New_Visitor,FALSE,FALSE
0,0,0,0,22,266.1666667,0.009090909,0.018181818,0,0,Nov,2,4,1,2,Returning_Visitor,FALSE,FALSE
7,113.75,1,28.5,15,1047,0.010526316,0.019298246,0,0,Dec,1,1,3,2,New_Visitor,FALSE,TRUE
5,74.75,0,0,14,512.5,0,0.023529412,0,0,Dec,2,7,7,8,New_Visitor,TRUE,FALSE
1,18,0,0,29,765.3928571,0,0.000892857,0,0,Nov,2,2,8,3,New_Visitor,FALSE,FALSE
0,0,0,0,10,314.75,0.006666667,0.046666667,0,0,Nov,4,2,9,3,Returning_Visitor,FALSE,FALSE
0,0,0,0,30,1682.275,0,0.014285714,41.13336886,0,Dec,2,2,4,2,Returning_Visitor,FALSE,TRUE
0,0,0,0,21,580.0833333,0.00952381,0.023809524,0,0,Nov,2,2,3,11,Returning_Visitor,TRUE,FALSE
0,0,0,0,36,1388.2,0.005555556,0.027777778,0,0,Nov,2,2,3,2,Returning_Visitor,TRUE,FALSE
0,0,0,0,26,470.8166667,0.005128205,0.042307692,0,0,Nov,3,2,4,11,Returning_Visitor,TRUE,FALSE
0,0,0,0,44,1184.269841,0.004545455,0.023295455,0,0,Nov,1,2,1,2,Returning_Visitor,FALSE,FALSE
10,301.625,3,9,122,6919.899495,0.004615385,0.022008376,0,0,Dec,2,2,1,2,Returning_Visitor,FALSE,FALSE
0,0,0,0,12,303.5,0.016666667,0.016666667,0,0,Dec,1,1,7,2,Returning_Visitor,TRUE,FALSE
6,42,0,0,41,1074.333333,0,0.019047619,0,0,Dec,2,2,7,3,Returning_Visitor,FALSE,FALSE
0,0,0,0,18,588.5,0.051851852,0.08962963,0,0,Dec,3,2,4,1,Returning_Visitor,FALSE,FALSE
0,0,0,0,3,21,0,0.066666667,0,0,Nov,2,4,2,2,Returning_Visitor,TRUE,TRUE
0,0,0,0,2,11,0,0.1,0,0,Dec,2,4,1,2,Returning_Visitor,FALSE,FALSE
14,173.55,0,0,164,4155.746883,0.002514286,0.01343784,13.76473644,0,Nov,2,2,3,2,Returning_Visitor,FALSE,TRUE
1,12.5,0,0,3,55.5,0,0.08,0,0,Nov,1,1,1,8,Returning_Visitor,TRUE,FALSE
0,0,0,0,8,64,0,0.05,0,0,Dec,2,2,3,8,New_Visitor,FALSE,FALSE
4,32,1,43.5,311,12500.35306,0.001387656,0.014687275,0,0,Nov,2,2,7,2,Returning_Visitor,FALSE,FALSE
6,276,0,0,24,1021.2,0.014285714,0.022619048,82.4326349,0,Dec,1,1,3,1,Returning_Visitor,TRUE,FALSE
9,156.6071429,5,156.75,83,2694.507143,0,0.009090909,0,0,Nov,2,4,1,2,Returning_Visitor,FALSE,TRUE
6,257.5,0,0,37,2533.333333,0.014634146,0.031707317,6.651334683,0,Nov,2,2,3,1,Returning_Visitor,FALSE,TRUE
0,0,0,0,32,1658.125,0,0.014791667,19.6055151,0,Nov,2,2,1,10,Returning_Visitor,FALSE,FALSE
0,0,0,0,19,1440.166667,0.026315789,0.040350877,0,0,Nov,1,1,1,1,Returning_Visitor,FALSE,FALSE
1,60.5,0,0,10,449.5,0.025,0.033333333,0,0,Dec,1,8,2,20,Returning_Visitor,FALSE,FALSE
0,0,0,0,60,1315.177778,0.009039548,0.031793785,0,0,Nov,2,2,3,2,Returning_Visitor,FALSE,TRUE
5,62,0,0,125,1935.335516,0,0.008031496,0,0,Nov,4,2,3,3,Returning_Visitor,FALSE,FALSE
0,0,0,0,140,2404.831006,0.001428571,0.003142857,0,0,Nov,1,1,4,2,Returning_Visitor,FALSE,FALSE
0,0,0,0,18,346.5666667,0.02962963,0.062962963,0,0,Nov,2,2,3,2,Returning_Visitor,FALSE,FALSE
0,0,0,0,1,695.5,0,0.1,0,0,Nov,2,2,4,1,Returning_Visitor,FALSE,FALSE
0,0,0,0,18,415.2738095,0.005882353,0.028921569,0,0,Nov,2,10,7,10,Returning_Visitor,FALSE,FALSE
3,21,0,0,17,256.95,0,0.02,0,0,Nov,2,4,1,8,New_Visitor,TRUE,TRUE
2,13.875,0,0,26,1939.155952,0.006451613,0.026352357,24.69983785,0,Nov,3,2,1,2,Returning_Visitor,TRUE,FALSE
0,0,0,0,1,0,0.2,0.2,0,0,Nov,3,2,7,13,Returning_Visitor,FALSE,FALSE
0,0,0,0,54,1975.455952,0.003703704,0.016049383,0,0,Nov,2,2,9,2,Returning_Visitor,FALSE,FALSE
0,0,0,0,5,28.25,0.08,0.093333333,0,0,Nov,2,2,1,2,Returning_Visitor,TRUE,FALSE
4,118.75,0,0,66,2556.220833,0.018732493,0.02229101,0,0,Nov,3,2,1,13,Returning_Visitor,FALSE,FALSE
1,0,0,0,0,0,0.2,0.2,0,0,Dec,3,2,1,3,Returning_Visitor,TRUE,FALSE
10,192.6654762,3,211,153,3812.161753,0.003012048,0.013769082,5.91438512,0,Dec,2,2,3,1,Returning_Visitor,FALSE,FALSE
1,67.5,0,0,12,592.25,0,0.018181818,218.8649096,0,Dec,1,1,5,3,New_Visitor,FALSE,TRUE
0,0,0,0,9,190.3333333,0,0.033333333,0,0,Dec,1,1,3,2,New_Visitor,FALSE,FALSE
8,147.175,7,254,340,10902.45826,0.001713207,0.015734957,0,0,Nov,2,2,1,2,Returning_Visitor,FALSE,FALSE
0,0,0,0,10,130.5,0.02,0.1,0,0,Dec,2,2,7,3,Returning_Visitor,FALSE,FALSE
0,0,0,0,9,273.25,0.066666667,0.077777778,0,0,Dec,3,3,5,1,Returning_Visitor,TRUE,FALSE
0,0,0,0,56,3543.809524,0.004464286,0.021785714,0,0,Nov,2,7,5,1,Returning_Visitor,TRUE,FALSE
1,0,0,0,39,1159.541667,0.00125,0.03125,0,0,Nov,2,2,6,2,Returning_Visitor,TRUE,TRUE
0,0,0,0,2,18,0,0.1,0,0,Nov,2,2,2,6,Returning_Visitor,TRUE,FALSE
4,47.25,0,0,2,24.25,0,0.04,0,0,Dec,2,2,1,2,New_Visitor,FALSE,FALSE
0,0,0,0,97,2300.891317,0,0.015730379,0,0,Nov,2,2,1,2,Returning_Visitor,FALSE,FALSE
6,221.8333333,1,51.5,39,841.7833333,0.005426357,0.017585825,0,0,Dec,1,2,8,1,Returning_Visitor,FALSE,FALSE
0,0,2,386,36,1609.939744,0,0.009323308,12.50325678,0,Nov,2,2,3,3,Returning_Visitor,FALSE,TRUE
0,0,0,0,14,424.3333333,0,0.007142857,0,0,Dec,2,2,2,13,Returning_Visitor,FALSE,FALSE
1,54.5,0,0,35,1267.0625,0.005555556,0.021296296,9.458902094,0,Dec,2,2,3,10,Returning_Visitor,TRUE,FALSE
1,33.5,0,0,37,1631.416667,0,0.009009009,13.82316952,0,Dec,2,2,1,1,Returning_Visitor,FALSE,FALSE
7,58.41666667,0,0,22,1043.583333,0.014285714,0.048809524,0,0,Nov,2,2,3,2,New_Visitor,FALSE,FALSE
6,112.5,0,0,86,2041.23355,0.000387597,0.00786268,5.911452178,0,Nov,2,4,1,2,Returning_Visitor,FALSE,TRUE
7,153.85,0,0,19,504.6,0,0.018518519,0,0,Dec,1,1,1,8,Returning_Visitor,FALSE,TRUE
9,328.75,0,0,108,2793.733084,0.001949318,0.019205066,0,0,Nov,2,2,1,3,Returning_Visitor,FALSE,TRUE
4,106,0,0,6,180.4166667,0,0.025,0,0,Nov,3,6,3,2,New_Visitor,FALSE,FALSE
0,0,0,0,21,530.5833333,0.019047619,0.021428571,0,0,Nov,3,2,4,3,Returning_Visitor,FALSE,FALSE
0,0,0,0,12,329.2142857,0.016666667,0.028703704,0,0,Nov,3,2,1,2,Returning_Visitor,FALSE,FALSE
6,110.625,1,106,30,1508.521825,0.04,0.043294931,21.01746974,0,Nov,3,2,3,13,Returning_Visitor,FALSE,FALSE
1,29,0,0,41,803.5077381,0,0.008424908,0,0,Dec,1,2,1,8,Returning_Visitor,TRUE,FALSE
2,98,0,0,15,947,0.00625,0.006666667,0,0,Dec,2,2,3,2,Returning_Visitor,TRUE,FALSE
0,0,0,0,3,2251.28,0.095833333,0.137426901,0,0,Nov,3,2,1,13,Returning_Visitor,FALSE,FALSE
0,0,0,0,6,48,0,0.066666667,0,0,Nov,2,2,4,1,Returning_Visitor,FALSE,FALSE
0,0,0,0,24,1286.5,0,0.015277778,0,0,Nov,2,2,9,8,Returning_Visitor,FALSE,FALSE
0,0,0,0,4,396.25,0,0.083333333,0,0,Nov,2,2,4,2,Returning_Visitor,FALSE,FALSE
0,0,0,0,18,4293.4,0.041176471,0.064705882,0,0,Nov,2,2,3,1,Returning_Visitor,FALSE,FALSE
1,27.9,0,0,64,3875.427778,0,0.019583333,5.698585477,0,Nov,2,2,1,2,Returning_Visitor,FALSE,FALSE
3,61,4,31,1,43,0,0.025,0,0,Dec,8,13,9,20,Other,FALSE,FALSE
0,0,1,8,21,936.6428571,0.004545455,0.008987603,0,0,Nov,1,1,3,2,Returning_Visitor,TRUE,FALSE
0,0,0,0,28,756.8611111,0.035714286,0.067857143,0,0,Dec,2,2,4,1,Returning_Visitor,FALSE,FALSE
0,0,0,0,2,46.5,0,0.05,0,0,Dec,1,1,2,2,New_Visitor,FALSE,FALSE
0,0,0,0,49,1385.85,0,0.013265306,0,0,Dec,2,2,4,3,Returning_Visitor,FALSE,FALSE
0,0,0,0,81,3197.755638,0.01,0.021511083,0,0,Nov,3,2,4,10,Returning_Visitor,TRUE,FALSE
0,0,0,0,39,1779.886905,0.01025641,0.028972694,0,0,Dec,1,1,4,2,Returning_Visitor,TRUE,FALSE
3,29,0,0,57,1191.8875,0.019298246,0.030732714,0,0,Nov,2,2,1,2,Returning_Visitor,TRUE,FALSE
0,0,0,0,4,51.5,0,0.05,0,0,Dec,2,2,1,2,New_Visitor,FALSE,FALSE
0,0,5,497.8333333,26,851.6666667,0.006451613,0.01827957,0,0,Nov,2,2,1,2,New_Visitor,TRUE,FALSE
0,0,0,0,90,3111.683333,0,0.013249672,0,0,Nov,2,4,1,2,Returning_Visitor,TRUE,FALSE
2,101.75,0,0,9,561.25,0.022222222,0.033333333,26.38074656,0,Dec,3,2,1,1,Returning_Visitor,FALSE,FALSE
6,110.5,1,20,137,5380.686996,0.005517241,0.021311846,1.963592426,0,Nov,2,4,3,10,Returning_Visitor,FALSE,TRUE
1,25.5,0,0,49,860.2083333,0.004081633,0.012380952,0,0,Dec,2,2,2,10,Returning_Visitor,TRUE,FALSE
2,75,0,0,26,2058.3,0,0.0125,8.524548919,0,Nov,1,1,9,8,New_Visitor,FALSE,TRUE
12,264.9,2,11,24,1032.3,0.020430108,0.036190476,0,0,Dec,1,1,9,1,Returning_Visitor,TRUE,FALSE
0,0,0,0,1,11,0,0.1,0,0,Dec,2,2,1,10,Other,FALSE,FALSE
0,0,0,0,2,0,0.2,0.2,0,0,Dec,2,2,1,13,Returning_Visitor,FALSE,FALSE
5,107,2,15,250,8622.38,0.005670471,0.02250017,0,0,Nov,3,2,1,1,Returning_Visitor,FALSE,TRUE
7,42.25714286,0,0,124,4067.010247,0.009230769,0.022888335,6.709440135,0,Nov,2,2,3,2,Returning_Visitor,FALSE,TRUE
6,513.8333333,0,0,33,2690.333333,0,0.01754386,30.21878011,0,Nov,2,4,1,2,Returning_Visitor,FALSE,TRUE
6,79.25,0,0,13,150.1666667,0,0.012631579,0,0,Dec,1,1,1,3,New_Visitor,FALSE,FALSE
0,0,0,0,7,267.5,0.028571429,0.064285714,0,0,Dec,2,2,6,3,Returning_Visitor,FALSE,FALSE
3,74,0,0,44,844.9416667,0.004444444,0.015925926,0,0,Dec,1,2,1,10,Returning_Visitor,FALSE,FALSE
0,0,0,0,1,0,0.2,0.2,0,0,Nov,2,2,1,3,Returning_Visitor,FALSE,FALSE
0,0,0,0,37,918.5416667,0.005405405,0.005315315,0,0,Nov,1,1,1,2,New_Visitor,TRUE,TRUE
0,0,0,0,2,11,0,0.1,0,0,Dec,2,2,2,13,Returning_Visitor,FALSE,FALSE
0,0,0,0,3,46.75,0,0.066666667,0,0,Nov,2,2,3,10,Returning_Visitor,FALSE,FALSE
0,0,0,0,7,121,0.028571429,0.057142857,0,0,Dec,2,2,7,3,Returning_Visitor,TRUE,FALSE
13,297.75,3,352.5,41,2422.375,0,0.016037736,72.43846009,0,Dec,2,2,1,8,Returning_Visitor,FALSE,TRUE
12,337.5416667,2,23,32,1249.866144,0.0055,0.02577466,0,0,Dec,2,2,1,2,Returning_Visitor,FALSE,FALSE
3,98.5,0,0,27,702.3333333,0.023214286,0.042261905,0,0,Dec,2,2,7,2,Returning_Visitor,FALSE,FALSE
1,12,0,0,99,4097.708838,0.002061856,0.013745704,0,0,Nov,2,2,3,2,Returning_Visitor,FALSE,FALSE
0,0,3,13,36,1042.507143,0.01025641,0.027136752,0,0,Dec,1,1,3,1,Returning_Visitor,FALSE,FALSE
0,0,0,0,14,169.9166667,0,0.076190476,0,0,Nov,2,2,4,2,Returning_Visitor,FALSE,TRUE
4,67.5,0,0,27,834.6666667,0,0.014285714,0,0,Nov,2,2,2,2,New_Visitor,TRUE,FALSE
1,33.5,1,15.75,28,1421.25,0.004597701,0.040229885,0,0,Dec,2,2,1,1,Returning_Visitor,TRUE,FALSE
1,5.5,0,0,103,2429.279762,0.034951923,0.044360501,0,0,Nov,3,2,1,13,Returning_Visitor,FALSE,FALSE
7,177.5,6,312,40,1123.050824,0.008680556,0.024695767,0,0,Dec,1,1,3,2,Returning_Visitor,FALSE,FALSE
3,171,0,0,31,441.1369048,0,0.008823529,0,0,Dec,2,2,1,20,Returning_Visitor,FALSE,FALSE
2,128.5,0,0,7,209,0.027777778,0.053439153,0,0,Nov,3,2,3,2,Returning_Visitor,FALSE,FALSE
0,0,0,0,33,1475.254167,0,0.015530303,9.429362483,0,Nov,3,2,4,2,Returning_Visitor,TRUE,FALSE
1,32.5,0,0,4,73.5,0,0.04,0,0,Nov,2,2,1,2,New_Visitor,FALSE,FALSE
9,98.26666667,3,144.5,37,1630.137415,0.019565217,0.038037998,0,0,Nov,3,2,7,3,Returning_Visitor,FALSE,TRUE
2,96.75,0,0,103,3216.920172,0.012190476,0.030754266,0,0,Dec,2,2,6,2,Returning_Visitor,TRUE,FALSE
0,0,0,0,3,32.5,0.066666667,0.133333333,0,0,Dec,2,2,9,3,Returning_Visitor,TRUE,FALSE
0,0,0,0,18,623.725,0.016666667,0.055396825,0,0,Dec,2,2,6,2,Returning_Visitor,FALSE,FALSE
3,52.5,0,0,139,3674.737578,0.002142857,0.011897444,17.50624004,0,Nov,2,2,2,10,Returning_Visitor,FALSE,TRUE
5,172.0833333,0,0,21,486.1472222,0,0.0105,48.0136549,0,Nov,2,2,4,1,Returning_Visitor,FALSE,TRUE
0,0,1,100,19,1645.679762,0.002222222,0.02962963,0,0,Dec,2,5,6,1,Returning_Visitor,FALSE,FALSE
6,77.5,0,0,71,1361.780952,0,0.014003044,0,0,Dec,2,2,9,2,Returning_Visitor,FALSE,FALSE
0,0,0,0,13,257,0.035714286,0.078571429,0,0,Nov,1,1,2,2,Returning_Visitor,FALSE,FALSE
8,223.375,0,0,37,3152.5,0,0.011965812,13.25001247,0,Dec,3,2,3,2,Returning_Visitor,FALSE,TRUE
0,0,0,0,6,339,0,0.033333333,0,0,Nov,1,1,1,3,Returning_Visitor,FALSE,FALSE
8,275.75,1,97,204,5209.820361,0.002571429,0.015411986,0,0,Nov,2,2,1,2,Returning_Visitor,FALSE,FALSE
0,0,0,0,28,558.4761905,0.016666667,0.016309524,0,0,Nov,1,1,2,2,Returning_Visitor,FALSE,FALSE
5,73.75,0,0,131,2244.616667,0.005343511,0.017506361,0,0,Nov,2,2,1,2,Returning_Visitor,FALSE,FALSE
0,0,0,0,47,2032.272727,0.017021277,0.023877069,0,0,Nov,3,2,7,1,Returning_Visitor,TRUE,FALSE
0,0,2,3,22,1904.183333,0.016666667,0.052777778,0,0,Nov,2,2,2,11,Returning_Visitor,FALSE,FALSE
0,0,0,0,38,883.55,0.026315789,0.03907496,0,0,Nov,2,2,1,3,Returning_Visitor,FALSE,FALSE
5,61.875,0,0,164,4389.887512,0.001183432,0.010151043,6.664239119,0,Nov,2,2,1,2,Returning_Visitor,FALSE,TRUE
0,0,0,0,4,214.3333333,0,0.05,0,0,Nov,1,1,9,3,Returning_Visitor,FALSE,FALSE
4,121.5,0,0,2,34,0,0.023809524,0,0,Nov,2,2,9,8,New_Visitor,FALSE,FALSE
0,0,2,7,18,598.8738095,0.003333333,0.025555556,0,0,Nov,2,2,1,10,Returning_Visitor,FALSE,FALSE
0,0,0,0,1,0,0.2,0.2,0,0,Dec,2,2,6,13,Returning_Visitor,FALSE,FALSE
1,73,0,0,32,593,0,0.013541667,0,0,Nov,2,2,3,6,Returning_Visitor,FALSE,FALSE
7,118.5,0,0,28,829.2083333,0,0.015151515,17.79456354,0,Dec,1,2,3,2,Returning_Visitor,FALSE,FALSE
0,0,0,0,9,183.3333333,0,0.022222222,0,0,Dec,2,10,4,1,Returning_Visitor,FALSE,FALSE
7,322.25,1,0,121,4875.106113,0.011806061,0.020025438,0,0,Nov,3,2,1,13,Returning_Visitor,FALSE,FALSE
0,0,0,0,1,0,0.2,0.2,0,0,Nov,4,1,3,3,Returning_Visitor,FALSE,FALSE
0,0,0,0,2,14,0,0.1,0,0,Dec,4,2,1,1,Returning_Visitor,TRUE,FALSE
0,0,0,0,25,1344.291667,0,0.008695652,0,0,Nov,2,4,1,8,Returning_Visitor,FALSE,FALSE
1,15,0,0,19,817.5,0.011111111,0.022222222,0,0,Nov,2,2,1,2,Returning_Visitor,FALSE,FALSE
4,28.5,0,0,20,500.5,0,0.029824561,0,0,Nov,4,1,2,1,Returning_Visitor,TRUE,FALSE
0,0,2,11,1,0,0.066666667,0.133333333,0,0,Nov,1,1,1,2,Returning_Visitor,FALSE,FALSE
4,78.5,1,32.75,50,1897.833333,0.0127,0.011746032,0,0,Dec,1,1,9,3,Returning_Visitor,TRUE,FALSE
5,112.1666667,0,0,60,1883.866667,0.017460317,0.042436975,0,0,Nov,2,2,1,2,Returning_Visitor,FALSE,FALSE
0,0,0,0,1,0,0.2,0.2,0,0,Nov,3,2,3,3,Returning_Visitor,FALSE,FALSE
0,0,0,0,59,3033.689449,0.00756193,0.015479685,0,0,Nov,1,2,3,2,Returning_Visitor,FALSE,FALSE
0,0,0,0,83,2922.497511,0.009756098,0.030081301,0,0,Nov,2,2,1,1,Returning_Visitor,FALSE,FALSE
5,135.25,0,0,26,794.9928571,0.007407407,0.026419753,33.44471217,0,Dec,1,1,1,2,Returning_Visitor,FALSE,FALSE
12,1106.389831,9,627.4583333,125,7444.938071,0.007701238,0.022385989,7.201209277,0,Nov,3,2,4,2,Returning_Visitor,FALSE,TRUE
0,0,0,0,1,0,0.2,0.2,0,0,Dec,3,2,7,2,Returning_Visitor,FALSE,FALSE
4,65.5,0,0,23,783.75,0.007692308,0.030769231,0,0,Nov,2,5,3,1,Returning_Visitor,TRUE,TRUE
1,0,0,0,30,1732.066667,0.025806452,0.050752688,13.13492027,0,Nov,2,2,9,10,Returning_Visitor,FALSE,FALSE
0,0,0,0,72,2304.15,0.008450704,0.020355466,3.178183427,0,Nov,3,2,1,2,Returning_Visitor,FALSE,TRUE
0,0,0,0,12,584.3333333,0,0.023076923,12.58590538,0,Nov,2,2,3,8,Returning_Visitor,FALSE,FALSE
0,0,0,0,20,678,0,0.03,0,0,Dec,2,2,3,10,Returning_Visitor,FALSE,FALSE
0,0,0,0,48,2492.166667,0,0.014583333,0,0,Nov,2,4,1,2,Returning_Visitor,FALSE,FALSE
0,0,0,0,38,1656.615043,0.018421053,0.04154591,0,0,Dec,3,2,2,2,Returning_Visitor,TRUE,FALSE
12,232.3535714,0,0,439,17550.58486,0.00562963,0.018437701,2.626909076,0,Nov,2,5,1,10,Returning_Visitor,FALSE,TRUE
0,0,1,118,14,224.3916667,0.047619048,0.063265306,0,0,Nov,3,2,1,2,Returning_Visitor,FALSE,FALSE
1,11,1,8,79,2693.582331,0,0.003430424,0,0,Dec,1,1,3,2,Returning_Visitor,FALSE,FALSE
6,125.25,2,89,146,3697.731633,0.008108108,0.015188129,73.35866939,0,Nov,2,2,1,2,Returning_Visitor,TRUE,TRUE
0,0,0,0,5,135.75,0.04,0.053333333,0,0,Dec,2,2,3,2,New_Visitor,FALSE,FALSE
1,0,0,0,4,795,0.066666667,0.111111111,0,0,Nov,3,2,9,6,Returning_Visitor,TRUE,FALSE
1,0,1,80.16666667,29,759.75,0,0.019354839,0,0,Nov,2,2,1,2,Returning_Visitor,TRUE,FALSE
0,0,1,21,25,525.1666667,0.007692308,0.030769231,0,0,Nov,2,2,3,2,New_Visitor,TRUE,FALSE
0,0,0,0,9,195.25,0.022222222,0.081481481,0,0,Nov,1,1,8,10,Returning_Visitor,FALSE,FALSE
0,0,0,0,21,499.75,0.00952381,0.033333333,0,0,Nov,2,4,3,10,Returning_Visitor,FALSE,TRUE
2,31,0,0,20,583.0694444,0,0.01,0,0,Dec,4,2,1,2,Returning_Visitor,FALSE,FALSE
0,0,0,0,12,231.75,0,0.016666667,0,0,Nov,1,1,2,1,Returning_Visitor,FALSE,FALSE
0,0,0,0,54,1441.636905,0.008461538,0.004290709,0,0,Nov,1,1,1,2,Returning_Visitor,FALSE,FALSE
13,662.3392857,0,0,81,4284.422619,0.002298851,0.022822804,2.647620068,0,Dec,1,1,6,2,Returning_Visitor,TRUE,TRUE
0,0,0,0,6,151,0,0.08,0,0,Dec,1,8,4,6,Returning_Visitor,FALSE,FALSE
0,0,0,0,18,909.75,0.022222222,0.048148148,0,0,Nov,3,2,1,3,Returning_Visitor,FALSE,FALSE
1,15,0,0,15,691.8333333,0,0.014285714,59.6118415,0,Nov,2,2,2,2,Returning_Visitor,FALSE,TRUE
6,368.75,0,0,46,3368.305556,0.003846154,0.011858974,0,0,Nov,2,2,1,2,New_Visitor,FALSE,FALSE
0,0,0,0,8,121.375,0,0.025,0,0,Dec,3,2,4,2,New_Visitor,FALSE,FALSE
0,0,0,0,10,386.5,0,0.01,0,0,Nov,2,4,6,8,Returning_Visitor,FALSE,FALSE
3,36,0,0,3,29.5,0,0.04,0,0,Nov,2,10,3,2,Other,FALSE,FALSE
0,0,0,0,18,2335.125,0,0.033333333,0,0,Nov,2,2,1,3,Returning_Visitor,FALSE,FALSE
4,64.46428571,0,0,29,1414.589286,0,0.0125,21.05431578,0,Dec,2,2,1,2,Returning_Visitor,FALSE,TRUE
1,0,0,0,59,2334.105159,0.018421053,0.042076023,0,0,Dec,2,2,3,3,Returning_Visitor,FALSE,FALSE
1,21,0,0,13,1474.5,0,0.016666667,69.46175766,0,Dec,2,2,4,3,Returning_Visitor,FALSE,TRUE
6,94.1,0,0,92,4212.141886,0.008333333,0.021875,6.664927724,0,Nov,1,1,1,2,Returning_Visitor,TRUE,TRUE
0,0,0,0,30,677.9166667,0.006666667,0.013333333,0,0,Nov,3,2,1,2,Returning_Visitor,TRUE,FALSE
6,507,2,36.25,11,431,0,0.013333333,0,0,Dec,3,2,2,2,Returning_Visitor,FALSE,FALSE
11,194.575,0,0,81,2126.077501,0.011728395,0.02129074,0,0,Nov,3,2,1,2,Returning_Visitor,TRUE,FALSE
10,229,0,0,27,760.7708333,0.011764706,0.012941176,41.2169154,0,Nov,2,2,3,10,Returning_Visitor,FALSE,TRUE
7,114.75,1,15.75,21,1615.660256,0,0.009937888,0,0,Dec,2,2,8,2,New_Visitor,TRUE,FALSE
9,474,0,0,19,805.65,0.001242236,0.019397993,0,0,Nov,1,1,1,2,Returning_Visitor,FALSE,FALSE
0,0,0,0,17,546.2291667,0.014814815,0.01957672,14.49431487,0,Dec,2,2,7,2,Returning_Visitor,FALSE,FALSE
1,0,0,0,20,809,0.00952381,0.028571429,25.75735474,0,Dec,2,5,1,1,Returning_Visitor,FALSE,FALSE
0,0,0,0,2,7,0,0.1,0,0,Nov,2,2,4,1,Returning_Visitor,FALSE,FALSE
0,0,0,0,6,604,0,0.04,0,0,Nov,1,1,2,2,New_Visitor,FALSE,FALSE
12,651.875,3,20,59,3066.695513,0,0.010460069,0,0,Nov,2,2,3,1,Returning_Visitor,FALSE,FALSE
8,199.625,2,10,81,4272.607937,0.002352941,0.018627451,0,0,Nov,2,2,1,2,Returning_Visitor,FALSE,FALSE
0,0,1,0,31,751,0.003125,0.0421875,0,0,Dec,2,2,1,6,Returning_Visitor,TRUE,FALSE
3,315.3333333,1,141.5,42,3009.0875,0.004021164,0.0323655,0,0,Nov,1,1,1,1,Returning_Visitor,FALSE,FALSE
0,0,0,0,10,242.5833333,0,0.026666667,0,0,Dec,2,2,7,2,New_Visitor,FALSE,FALSE
0,0,0,0,23,347.8522727,0.008695652,0.030434783,0,0,Nov,2,2,1,3,Returning_Visitor,FALSE,FALSE
0,0,0,0,5,27,0.04,0.08,0,0,Dec,2,2,1,1,Returning_Visitor,FALSE,FALSE
6,148.2083333,2,139.5,98,3714.352664,0.005,0.013429932,0,0,Nov,2,2,1,2,Returning_Visitor,FALSE,FALSE
0,0,0,0,29,738.8861111,0,0.002469136,0,0,Dec,3,2,6,2,Returning_Visitor,TRUE,FALSE
9,174.2083333,2,383.75,151,9018.123741,0.012820513,0.02459296,0,0,Nov,1,2,1,1,Returning_Visitor,TRUE,FALSE
0,0,0,0,9,1726.5,0,0.05,0,0,Dec,2,4,7,1,Returning_Visitor,FALSE,FALSE
0,0,0,0,24,1361.833333,0,0.029166667,0,0,Nov,2,2,2,1,Returning_Visitor,FALSE,FALSE
0,0,0,0,11,271,0.018181818,0.036363636,0,0,Nov,2,2,1,3,Returning_Visitor,FALSE,FALSE
0,0,0,0,13,546.9583333,0,0.033846154,0,0,Dec,2,2,1,3,Returning_Visitor,FALSE,FALSE
1,18.2,1,9,30,3959.45,0.024652778,0.060590278,0,0,Dec,2,2,6,3,Returning_Visitor,FALSE,FALSE
9,250.0833333,2,30.5,155,4643.283732,0.002073171,0.007466851,10.11599409,0,Nov,2,2,1,3,Returning_Visitor,FALSE,TRUE
7,268.4166667,0,0,41,1124.875,0,0.011904762,0,0,Nov,2,2,9,2,Returning_Visitor,FALSE,TRUE
0,0,0,0,3,98,0,0.066666667,0,0,Dec,1,1,9,2,Returning_Visitor,FALSE,FALSE
1,4,0,0,4,67.25,0,0.013333333,0,0,Dec,2,2,2,2,Returning_Visitor,TRUE,FALSE
6,101.625,0,0,140,7097.582291,0.003448276,0.009952433,21.88856759,0,Nov,2,2,3,13,Returning_Visitor,FALSE,TRUE
0,0,1,249.5,33,1458.97619,0.027459219,0.041167134,0,0,Dec,1,1,1,10,Returning_Visitor,FALSE,FALSE
2,20.14285714,0,0,4,33.14285714,0,0.039814815,0,0,Dec,3,2,1,10,Returning_Visitor,FALSE,FALSE
0,0,0,0,36,572.9,0.011111111,0.038888889,0,0,Dec,2,2,3,2,Returning_Visitor,FALSE,FALSE
0,0,0,0,10,208,0,0.022222222,125.961749,0,Dec,2,2,1,2,New_Visitor,FALSE,TRUE
0,0,0,0,10,824,0.06,0.09,0,0,Dec,1,1,1,3,Returning_Visitor,FALSE,FALSE
11,238.775641,1,9,200,7972.322431,0.002619048,0.014230973,21.83420125,0,Nov,2,2,1,2,Returning_Visitor,FALSE,TRUE
5,71.08333333,0,0,24,1249.708333,0,0.005128205,52.28491058,0,Dec,2,2,3,2,New_Visitor,FALSE,TRUE
0,0,0,0,30,480.6055556,0.028,0.041450216,0,0,Dec,3,2,3,3,Returning_Visitor,FALSE,FALSE
1,5,0,0,21,258.6166667,0,0.009090909,0,0,Dec,2,2,4,3,Returning_Visitor,FALSE,FALSE
0,0,2,23,4,57.75,0,0.066666667,0,0,Nov,2,5,3,1,Returning_Visitor,FALSE,FALSE
8,195,2,86,56,3408.266667,0.014516129,0.027557013,9.594846798,0,Nov,1,2,1,2,Returning_Visitor,FALSE,TRUE
0,0,0,0,4,73.5,0,0.05,0,0,Nov,1,1,3,1,Returning_Visitor,FALSE,FALSE
0,0,4,52.5,38,2533.008333,0,0.026190476,0,0,Dec,2,4,4,2,Returning_Visitor,FALSE,FALSE
0,0,0,0,6,85.75,0,0.05,0,0,Nov,2,4,1,2,Returning_Visitor,FALSE,FALSE
1,73,0,0,12,2156.5,0.018181818,0.027272727,68.88769355,0,Nov,3,2,1,2,New_Visitor,FALSE,TRUE
0,0,0,0,5,111.25,0,0.033333333,0,0,Nov,2,2,1,20,Returning_Visitor,FALSE,FALSE
15,677.1911765,0,0,152,3561.130212,0,0.008686559,5.731607803,0,Dec,2,2,6,1,Returning_Visitor,FALSE,TRUE
5,68.5,2,34.25,385,14505.72725,0.007309999,0.013519938,0,0,Nov,3,2,3,3,Returning_Visitor,FALSE,FALSE
1,8,1,15,58,2801.75119,0.010526316,0.016374269,7.267034211,0,Dec,3,2,4,2,Returning_Visitor,FALSE,FALSE
8,451.2836134,10,961.45,131,2460.323686,0.003082192,0.021249277,2.325663803,0,Nov,2,2,3,3,Returning_Visitor,FALSE,TRUE
2,530.5,2,9,9,452.25,0.026666667,0.053333333,0,0,Dec,1,1,7,2,Returning_Visitor,FALSE,FALSE
2,26.66666667,0,0,79,2619.109709,0.016315049,0.020747988,0,0,Nov,1,1,3,10,Returning_Visitor,TRUE,FALSE
0,0,0,0,44,784.8833333,0,0.004761905,360.9533839,0,Dec,8,13,9,20,Other,FALSE,TRUE
0,0,0,0,1,0,0.2,0.2,0,0,Nov,1,8,2,1,Returning_Visitor,FALSE,FALSE
2,62.5,0,0,17,775.3333333,0,0.045098039,0,0,Nov,2,2,3,1,Returning_Visitor,FALSE,TRUE
0,0,0,0,9,269.75,0.022222222,0.048148148,0,0,Dec,3,2,5,6,Returning_Visitor,FALSE,FALSE
1,20,0,0,38,1264,0,0.028947368,31.48142512,0,Dec,2,6,9,3,Returning_Visitor,FALSE,FALSE
0,0,0,0,34,508.558547,0.014705882,0.027528909,0,0,Dec,2,2,3,10,Returning_Visitor,FALSE,FALSE
0,0,0,0,1,0,0.2,0.2,0,0,Dec,3,2,7,1,Returning_Visitor,FALSE,FALSE
0,0,0,0,7,61.5,0.028571429,0.085714286,0,0,Dec,2,4,3,1,Returning_Visitor,FALSE,FALSE
0,0,0,0,2,12,0.166666667,0.166666667,0,0,Nov,1,1,1,10,Returning_Visitor,FALSE,FALSE
2,45.5,0,0,9,122.25,0,0.018181818,0,0,Dec,2,2,7,2,New_Visitor,FALSE,FALSE
2,147.5,7,209,48,698.6715201,0.004487179,0.01989011,68.91364255,0,Nov,3,2,7,11,Returning_Visitor,FALSE,TRUE
1,0,2,11,50,1799.666667,0.056410256,0.083012821,0,0,Dec,1,1,1,3,Returning_Visitor,FALSE,FALSE
3,36.5,0,0,11,496.25,0,0.026190476,0,0,Dec,2,2,1,8,Returning_Visitor,FALSE,FALSE
4,47,1,49.5,28,687.4670635,0.013978495,0.02734255,108.9089884,0,Nov,1,1,1,2,Returning_Visitor,TRUE,TRUE
3,49.5,0,0,22,458.25,0.02,0.056666667,0,0,Nov,1,1,1,3,Returning_Visitor,FALSE,FALSE
0,0,0,0,2,53.5,0.05,0.15,0,0,Dec,3,3,5,20,Returning_Visitor,FALSE,FALSE
0,0,0,0,3,0,0.2,0.2,0,0,Nov,3,2,6,13,Returning_Visitor,FALSE,FALSE
6,100.5,0,0,10,332.5833333,0,0.002197802,0,0,Dec,8,13,9,20,Other,FALSE,FALSE
0,0,0,0,12,749.75,0,0.016666667,0,0,Nov,8,2,1,10,Returning_Visitor,FALSE,FALSE
0,0,0,0,1,0,0.2,0.2,0,0,Nov,2,2,4,11,Returning_Visitor,TRUE,FALSE
17,346.7096405,3,207.25,292,8282.214508,0.000977199,0.005669849,13.91832377,0,Nov,2,2,1,2,Returning_Visitor,TRUE,FALSE
0,0,0,0,1,0,0.2,0.2,0,0,Dec,3,2,1,13,Returning_Visitor,FALSE,FALSE
0,0,0,0,6,142.125,0,0.033333333,0,0,Nov,3,2,6,2,Returning_Visitor,FALSE,FALSE
8,91,0,0,45,3007.6875,0.012765957,0.012907801,0,0,Dec,3,2,6,10,Returning_Visitor,FALSE,FALSE
1,126.5,1,0,52,1894.39384,0.005555556,0.016838538,0,0,Nov,3,2,3,11,Returning_Visitor,FALSE,FALSE
2,561.5,2,31,95,4817.924102,0.007496464,0.025637791,50.09121868,0,Nov,1,1,5,2,Returning_Visitor,FALSE,TRUE
0,0,0,0,2,0,0.2,0.2,0,0,Dec,2,2,3,1,Returning_Visitor,FALSE,FALSE
6,86,0,0,12,905.5,0,0.026666667,23.6393946,0,Dec,4,5,1,1,Returning_Visitor,FALSE,TRUE
0,0,0,0,37,1254.75,0.002631579,0.010175439,34.15414773,0,Nov,2,2,2,7,Returning_Visitor,FALSE,TRUE
4,209.0625,0,0,71,3401.050687,0.005128205,0.026238576,0,0,Nov,2,2,2,2,Returning_Visitor,FALSE,FALSE
4,67.41666667,0,0,17,523.5416667,0.023333333,0.057,30.68883081,0,Dec,2,2,5,1,Returning_Visitor,FALSE,FALSE
8,147,0,0,23,627,0.006896552,0.011264368,25.19297315,0,Dec,1,1,8,2,Returning_Visitor,FALSE,FALSE
0,0,0,0,56,1514.037879,0.016071429,0.0175,0,0,Dec,3,2,1,3,Returning_Visitor,FALSE,FALSE
0,0,0,0,2,0,0.2,0.2,0,0,Nov,2,10,2,10,Returning_Visitor,FALSE,FALSE
0,0,0,0,2,135.5,0,0.1,0,0,Dec,2,2,4,3,Returning_Visitor,FALSE,FALSE
5,72.5,0,0,35,2429.8125,0,0.023684211,102.4922188,0,Nov,2,2,2,1,Returning_Visitor,FALSE,TRUE
0,0,0,0,14,156.4047619,0.014285714,0.05,0,0,Nov,2,5,3,2,Returning_Visitor,FALSE,FALSE
5,173.1666667,2,24.5,30,1288.733333,0,0.013376623,54.121714,0,Nov,1,2,3,2,Returning_Visitor,TRUE,FALSE
4,598.375,0,0,126,4446.303175,0.001538462,0.015567766,3.333835543,0,Dec,2,2,3,2,Returning_Visitor,FALSE,FALSE
0,0,0,0,34,920.55,0.030588235,0.042913165,0,0,Dec,3,2,1,1,Returning_Visitor,TRUE,FALSE
0,0,0,0,8,885,0.04375,0.0375,49.72830378,0,Nov,3,2,1,8,Returning_Visitor,FALSE,TRUE
4,15,1,4,44,950.625,0,0.004444444,0,0,Nov,2,2,8,1,New_Visitor,FALSE,FALSE
5,42,0,0,232,5932.596554,0.002564103,0.014824296,0,0,Nov,2,2,1,2,Returning_Visitor,FALSE,TRUE
7,645.6666667,0,0,25,1358.166667,0.007407407,0.022222222,0,0,Nov,1,1,1,1,Returning_Visitor,TRUE,FALSE
0,0,0,0,6,89.66666667,0,0.033333333,0,0,Nov,2,10,3,3,Returning_Visitor,FALSE,FALSE
0,0,0,0,50,694.5166667,0.008163265,0.024489796,0,0,Dec,2,4,3,1,Returning_Visitor,FALSE,FALSE
4,66.83333333,0,0,125,3075.978608,0.00962963,0.022299824,0,0,Nov,2,5,3,1,Returning_Visitor,FALSE,TRUE
0,0,0,0,96,2857.712454,0.002393617,0.019742908,0,0,Nov,3,2,1,6,Returning_Visitor,TRUE,FALSE
7,190.4375,0,0,60,1967.780163,0.003809524,0.0154654,2.627347196,0,Dec,3,2,8,10,Returning_Visitor,TRUE,TRUE
0,0,0,0,1,0,0.2,0.2,0,0,Dec,2,2,8,11,Returning_Visitor,FALSE,FALSE
12,138.9166667,0,0,14,1352.75,0,0.023684211,0,0,Dec,2,2,1,2,Returning_Visitor,FALSE,FALSE
0,0,0,0,19,866.3333333,0,0.025,14.58941181,0,Dec,2,4,3,2,Returning_Visitor,TRUE,FALSE
8,258.1444444,1,0,81,1878.996825,0.002325581,0.019277493,0,0,Nov,2,2,1,2,Returning_Visitor,FALSE,FALSE
9,89.16666667,4,94.875,10,138.4166667,0,0.013333333,0,0,Nov,2,2,3,2,New_Visitor,FALSE,FALSE
0,0,1,24.5,46,1031.133333,0.004680851,0.034267293,0,0,Nov,2,2,3,2,Returning_Visitor,TRUE,FALSE
0,0,0,0,39,1208.333333,0,0.01025641,0,0,Nov,1,1,4,1,Returning_Visitor,TRUE,FALSE
4,68.5,0,0,152,5426.823764,0.005228758,0.018756793,0,0,Nov,2,2,4,10,Returning_Visitor,FALSE,FALSE
3,49.5,1,0,50,1570.362302,0.008959436,0.027766386,1.818480813,0,Nov,3,2,1,10,Returning_Visitor,FALSE,TRUE
0,0,0,0,1,0,0.2,0.2,0,0,Nov,1,1,4,2,Returning_Visitor,FALSE,FALSE
7,718,0,0,15,644.25,0.005263158,0.01754386,0,0,Nov,2,2,1,2,Returning_Visitor,FALSE,FALSE
1,38.5,0,0,28,705.1166667,0.003703704,0.017901235,0,0,Nov,1,1,7,2,Returning_Visitor,TRUE,FALSE
2,222.5,0,0,23,1183.9,0.04,0.058285714,0,0,Dec,2,2,6,2,Returning_Visitor,FALSE,FALSE
2,48.5,0,0,53,2438.075,0.005357143,0.017261905,29.04476648,0,Nov,2,2,1,6,Returning_Visitor,TRUE,TRUE
0,0,0,0,8,106.0833333,0.025,0.05625,0,0,Dec,1,1,2,1,Returning_Visitor,FALSE,FALSE
3,69,1,18,10,409.4666667,0.005128205,0.039010989,0,0,Dec,2,2,1,2,Returning_Visitor,FALSE,FALSE
0,0,0,0,1,0,0.2,0.2,0,0,Nov,8,13,9,20,Other,FALSE,FALSE
4,128.125,4,134.5,93,2697.17535,0.006060606,0.019274564,0,0,Nov,2,2,3,2,Returning_Visitor,TRUE,FALSE
0,0,0,0,10,166.1666667,0,0.05,0,0,Dec,2,2,1,2,Returning_Visitor,FALSE,FALSE
0,0,2,0,99,2622.600281,0.022,0.028519936,0,0,Nov,3,2,2,13,Returning_Visitor,FALSE,TRUE
0,0,0,0,69,5793.52381,0,0.007835821,0,0,Nov,2,2,1,8,New_Visitor,FALSE,FALSE
0,0,0,0,12,631.75,0.054545455,0.072727273,76.05518858,0,Nov,1,1,1,3,Returning_Visitor,FALSE,FALSE
2,327.5,0,0,7,570.5,0,0.028571429,0,0,Nov,2,2,2,2,Returning_Visitor,FALSE,FALSE
3,1715,0,0,20,536.6166667,0,0.002898551,0,0,Nov,1,1,1,8,New_Visitor,FALSE,FALSE
0,0,0,0,30,1661.833333,0.027222222,0.071666667,0,0,Dec,2,2,3,1,Returning_Visitor,FALSE,FALSE
3,53.5,1,18,42,2553.858333,0,0.022101449,0,0,Nov,2,2,2,1,Returning_Visitor,FALSE,FALSE
0,0,0,0,11,490.8333333,0,0.045454545,0,0,Dec,3,2,6,2,New_Visitor,FALSE,FALSE
0,0,0,0,13,334.75,0,0.030769231,0,0,Nov,2,2,1,2,Returning_Visitor,FALSE,FALSE
0,0,0,0,5,270.5833333,0.04,0.07,0,0,Dec,1,1,5,8,Returning_Visitor,TRUE,FALSE
0,0,0,0,3,61.5,0,0.033333333,0,0,Dec,1,1,9,2,Returning_Visitor,FALSE,FALSE
4,170.5,0,0,20,1052.833333,0.010526316,0.015789474,0,0,Nov,1,1,6,3,New_Visitor,FALSE,FALSE
0,0,0,0,2,301,0,0.033333333,0,0,Nov,1,1,1,3,Returning_Visitor,FALSE,FALSE
0,0,0,0,19,535.5,0.044444444,0.091666667,0,0,Nov,2,2,1,11,Returning_Visitor,FALSE,FALSE
0,0,0,0,11,667.9166667,0,0.009090909,0,0,Dec,2,5,1,2,Returning_Visitor,FALSE,TRUE
2,14.75,0,0,32,839.4305556,0.012903226,0.028602151,13.91276554,0,Nov,2,2,6,1,Returning_Visitor,FALSE,TRUE
0,0,0,0,102,4509,0.011764706,0.037679739,0,0,Nov,2,2,7,1,Returning_Visitor,FALSE,FALSE
0,0,0,0,19,273.7083333,0.021052632,0.035087719,0,0,Nov,3,2,4,11,Returning_Visitor,TRUE,TRUE
4,99.33333333,0,0,15,715.875,0.010526316,0.052631579,0,0,Dec,2,5,4,2,Returning_Visitor,FALSE,FALSE
0,0,0,0,6,903.3571429,0.054545455,0.054385965,0,0,Dec,3,3,1,3,Returning_Visitor,FALSE,FALSE
2,46.5,1,64.5,91,3309.448776,0.013285024,0.020476218,0,0,Nov,3,2,1,13,Returning_Visitor,TRUE,TRUE
0,0,0,0,6,339.5,0,0.033333333,0,0,Nov,2,2,1,3,Returning_Visitor,FALSE,FALSE
4,33.91666667,4,785.875,251,9297.575489,0.011608301,0.027881156,0,0,Nov,2,2,1,2,Returning_Visitor,FALSE,FALSE
0,0,0,0,140,4096.090152,0.003809524,0.011870748,0,0,Nov,2,5,7,1,Returning_Visitor,FALSE,FALSE
1,5,0,0,47,1480.233333,0.010416667,0.027824074,15.15643787,0,Nov,2,2,1,3,Returning_Visitor,TRUE,TRUE
2,47.5,0,0,30,735.5833333,0.006896552,0.024137931,23.51024736,0,Dec,2,2,2,1,Returning_Visitor,FALSE,FALSE
0,0,0,0,8,332,0,0.028571429,14.1273698,0,Nov,1,2,4,8,New_Visitor,TRUE,TRUE
0,0,0,0,37,581.0833333,0.005555556,0.026851852,0,0,Nov,2,2,2,10,Returning_Visitor,TRUE,FALSE
0,0,0,0,11,877.9166667,0,0.043636364,0,0,Nov,1,1,4,2,New_Visitor,FALSE,FALSE
0,0,0,0,1,0,0.2,0.2,0,0,Nov,3,2,3,10,Other,FALSE,FALSE
3,99.75,0,0,31,835.5833333,0,0.006451613,47.44850792,0,Nov,2,2,1,10,Returning_Visitor,FALSE,TRUE
5,104.875,0,0,39,805.625,0,0.020905923,2.217029402,0,Dec,2,2,2,2,Returning_Visitor,FALSE,FALSE
1,21,0,0,16,375.9166667,0,0.007142857,0,0,Dec,1,1,1,2,New_Visitor,FALSE,FALSE
0,0,0,0,13,555.5029412,0.036363636,0.020095694,47.99199256,0,Nov,4,2,4,2,New_Visitor,FALSE,TRUE
9,153.9166667,0,0,97,1935.887111,0.001168385,0.008928355,0,0,Dec,2,2,4,2,Returning_Visitor,FALSE,FALSE
4,378.75,1,0,15,638.9166667,0.010526316,0.031578947,0,0,Nov,2,2,1,2,New_Visitor,FALSE,TRUE
3,135.5,0,0,30,2040.166667,0,0.022727273,4.350513745,0,Dec,2,2,8,2,Returning_Visitor,FALSE,TRUE
2,169.5,2,105,35,990.4642857,0.010810811,0.027027027,14.78162714,0,Nov,1,1,1,2,Returning_Visitor,TRUE,TRUE
2,82,0,0,13,155.9833333,0,0.037777778,0,0,Dec,2,2,1,2,Returning_Visitor,FALSE,FALSE
0,0,0,0,1,0,0.2,0.2,0,0,Nov,2,2,2,2,Returning_Visitor,FALSE,FALSE
6,143.5,2,303,67,2199.976786,0.008333333,0.027665354,0,0,Nov,1,1,1,2,Returning_Visitor,TRUE,FALSE
0,0,0,0,5,44.5,0.12,0.16,0,0,Nov,1,1,1,3,Returning_Visitor,FALSE,FALSE
0,0,0,0,22,246.6458333,0.009090909,0.047727273,0,0,Nov,3,2,7,10,Returning_Visitor,TRUE,FALSE
0,0,0,0,47,2493.985714,0.017021277,0.032056738,0,0,Dec,2,4,9,1,Returning_Visitor,FALSE,TRUE
6,143.5142857,0,0,31,1359.957586,0.001612903,0.003655914,32.88667049,0,Dec,2,2,2,2,Returning_Visitor,FALSE,FALSE
0,0,0,0,4,46.75,0,0.05,0,0,Nov,1,1,3,3,Returning_Visitor,FALSE,FALSE
1,138.5,0,0,21,831,0,0.01,0,0,Dec,2,12,4,2,Returning_Visitor,FALSE,FALSE
1,52.5,0,0,19,812.875,0,0.003333333,0,0,Nov,3,3,5,11,Returning_Visitor,TRUE,FALSE
0,0,0,0,10,201.9166667,0,0.04,0,0,Nov,1,1,1,2,Returning_Visitor,FALSE,FALSE
0,0,0,0,4,17,0.1,0.15,0,0,Dec,2,2,1,1,Returning_Visitor,FALSE,FALSE
0,0,0,0,4,54.5,0.1,0.15,0,0,Nov,2,2,1,10,Returning_Visitor,FALSE,FALSE
0,0,0,0,17,722.0833333,0.011764706,0.029411765,0,0,Dec,2,2,2,1,Returning_Visitor,FALSE,FALSE
0,0,0,0,11,135.225,0,0.009090909,0,0,Nov,3,2,2,10,Returning_Visitor,FALSE,FALSE
9,125.2659091,2,115,146,3231.853672,0.007792208,0.016586922,8.597486055,0,Dec,2,2,9,2,Returning_Visitor,TRUE,FALSE
3,24.75,0,0,2,74.75,0,0.022222222,0,0,Nov,2,2,3,2,New_Visitor,FALSE,TRUE
2,41.5,0,0,43,4215.961111,0.009302326,0.022170543,0,0,Dec,2,10,2,1,Returning_Visitor,FALSE,FALSE
0,0,0,0,1,0,0.2,0.2,0,0,Dec,2,2,9,3,Returning_Visitor,FALSE,FALSE
0,0,0,0,38,624.5,0.005263158,0.021052632,0,0,Nov,4,1,9,3,Returning_Visitor,FALSE,FALSE
6,316,0,0,69,1618.532967,0.005555556,0.027698413,0,0,Nov,2,5,1,1,Returning_Visitor,FALSE,FALSE
0,0,0,0,44,1924.505952,0,0.004651163,59.21256014,0,Nov,2,2,3,6,Returning_Visitor,FALSE,TRUE
2,21.5,1,79,56,4899.626984,0.036904762,0.06360119,0,0,Nov,2,4,3,1,Returning_Visitor,TRUE,FALSE
1,18,1,6,122,7141.214642,0.012926829,0.01962467,0,0,Nov,3,2,1,2,Returning_Visitor,TRUE,FALSE
4,97.5,0,0,5,454.5,0,0.00625,0,0,Dec,2,2,7,2,New_Visitor,FALSE,FALSE
0,0,0,0,2,0,0.2,0.2,0,0,Nov,3,2,1,13,Returning_Visitor,FALSE,FALSE
0,0,0,0,5,23,0.11,0.15,0,0,Nov,2,2,3,13,Returning_Visitor,FALSE,FALSE
4,88.25,2,546.5,37,2304.5,0,0.005,14.54270238,0,Nov,2,2,9,2,New_Visitor,FALSE,TRUE
4,109.3333333,1,118,34,1573.895833,0.015,0.019055556,0,0,Nov,3,2,4,3,Returning_Visitor,TRUE,FALSE
15,290.2934078,2,302,49,2011.513765,0.020689655,0.024273772,10.74211393,0,Nov,1,1,2,2,Returning_Visitor,FALSE,FALSE
0,0,0,0,3,21,0,0.066666667,0,0,Nov,2,2,7,3,Returning_Visitor,FALSE,FALSE
0,0,2,6,50,3831.1,0,0.017307692,0,0,Nov,2,2,1,10,Returning_Visitor,FALSE,FALSE
0,0,0,0,11,326.5,0.036363636,0.077272727,0,0,Nov,1,1,4,3,Returning_Visitor,FALSE,FALSE
2,13,0,0,23,441,0.066666667,0.101449275,0,0,Nov,2,2,1,1,Returning_Visitor,FALSE,FALSE
0,0,0,0,3,164,0,0.066666667,0,0,Nov,1,1,1,3,Returning_Visitor,TRUE,FALSE
0,0,0,0,15,275.5,0.004444444,0.031111111,0,0,Nov,2,2,3,2,Returning_Visitor,FALSE,FALSE
2,248.5,5,192.25,9,1176.5,0,0.0125,0,0,Dec,1,1,3,2,New_Visitor,FALSE,FALSE
8,260.2083333,0,0,58,1436.690476,0,0.008231293,12.80819078,0,Dec,2,2,2,1,Returning_Visitor,TRUE,FALSE
3,97.75,1,46.5,12,257.4166667,0.006666667,0.027111111,0,0,Nov,3,2,6,3,Returning_Visitor,FALSE,FALSE
4,35.5,0,0,2,9.5,0,0.022222222,0,0,Dec,2,2,9,2,New_Visitor,FALSE,FALSE
0,0,0,0,2,10,0,0.1,0,0,Dec,1,1,2,2,New_Visitor,FALSE,FALSE
0,0,0,0,11,303.5,0,0.012121212,0,0,Nov,3,2,1,2,Returning_Visitor,FALSE,FALSE
0,0,0,0,7,1264.833333,0.073376623,0.075604396,0,0,Dec,3,2,1,13,Returning_Visitor,FALSE,FALSE
20,1307.675,3,132.6666667,517,27009.85943,0.004385217,0.014593571,8.4031637,0,Nov,1,1,1,2,Returning_Visitor,FALSE,TRUE
4,73.5,0,0,59,4679.029167,0.009617486,0.032389468,0,0,Dec,2,2,1,13,Returning_Visitor,FALSE,FALSE
0,0,0,0,28,1252.75,0.010714286,0.042857143,0,0,Nov,2,2,1,13,Returning_Visitor,FALSE,FALSE
5,116.1,3,97.66666667,170,5639.22176,0.002457143,0.01109801,0,0,Dec,2,2,7,2,Returning_Visitor,FALSE,FALSE
3,119.5,0,0,24,347.9166667,0,0.008333333,0,0,Dec,1,1,3,1,Returning_Visitor,FALSE,FALSE
3,96.5,0,0,8,323.5,0,0.02,0,0,Dec,1,1,6,2,Returning_Visitor,FALSE,FALSE
0,0,0,0,1,0,0.2,0.2,0,0,Nov,2,4,3,1,Returning_Visitor,FALSE,FALSE
4,72.5,0,0,95,2354.979058,0.00137457,0.005695387,5.214690992,0,Dec,3,2,1,2,Returning_Visitor,TRUE,FALSE
6,73.70833333,5,188,80,3313.073936,0.022621723,0.059636655,0,0,Nov,2,2,1,2,Returning_Visitor,TRUE,FALSE
0,0,0,0,15,147.5833333,0.014285714,0.028571429,0,0,Nov,3,2,7,3,Returning_Visitor,FALSE,FALSE
1,27.5,0,0,114,1403.720238,0,0.000589971,255.5691579,0,Nov,4,5,2,8,Returning_Visitor,FALSE,TRUE
1,0,0,0,2,66.5,0,0.1,0,0,Dec,2,2,9,2,Returning_Visitor,TRUE,FALSE
0,0,0,0,5,47.5,0.08,0.12,0,0,Dec,2,2,1,3,Returning_Visitor,FALSE,FALSE
2,13,0,0,3,200,0,0.05,0,0,Dec,2,2,1,8,New_Visitor,FALSE,FALSE
5,471.25,0,0,21,883,0,0.010666667,44.98081787,0,Nov,1,1,2,8,New_Visitor,TRUE,TRUE
5,136,1,13,85,2155.653752,0.005998168,0.019225201,3.920321611,0,Nov,1,1,1,2,Returning_Visitor,TRUE,TRUE
1,34.5,0,0,18,3026.374242,0,0.005263158,38.92648303,0,Dec,1,1,3,2,Returning_Visitor,FALSE,TRUE
1,0,0,0,1,0,0.2,0.2,0,0,Dec,1,1,1,10,Returning_Visitor,FALSE,FALSE
1,26.5,1,58.5,24,760.7632353,0.006153846,0.020512821,33.11000268,0,Nov,2,2,1,2,Returning_Visitor,FALSE,TRUE
8,487,0,0,28,839.5178571,0,0.003125,0,0,Dec,1,1,3,2,Returning_Visitor,TRUE,FALSE
5,51.04166667,0,0,14,837.375,0,0.011481481,0,0,Nov,1,1,2,8,New_Visitor,FALSE,TRUE
4,22.5,0,0,15,362.6333333,0.028571429,0.039285714,0,0,Dec,3,2,2,3,Returning_Visitor,FALSE,FALSE
0,0,0,0,31,1625.583333,0,0.009677419,0,0,Dec,4,2,1,8,New_Visitor,FALSE,FALSE
0,0,0,0,48,4152.083333,0.00625,0.028125,0,0,Nov,2,2,1,1,Returning_Visitor,TRUE,FALSE
7,155.9,0,0,25,1400.958333,0,0.029012346,14.11909834,0,Dec,2,4,7,1,Returning_Visitor,FALSE,FALSE
0,0,0,0,12,892.0833333,0.016666667,0.045833333,0,0,Dec,2,2,6,2,New_Visitor,FALSE,FALSE
0,0,0,0,4,75.5,0,0.05,0,0,Nov,2,2,1,8,New_Visitor,FALSE,FALSE
0,0,0,0,8,1066.25,0,0.028571429,9.0847678,0,Nov,1,8,4,11,Returning_Visitor,TRUE,TRUE
0,0,0,0,7,322.75,0.047619048,0.071428571,0,0,Nov,3,2,2,13,Returning_Visitor,FALSE,FALSE
0,0,0,0,29,873.75,0,0.031034483,0,0,Nov,2,2,5,2,Returning_Visitor,TRUE,TRUE
8,122.1,2,0,20,695.19375,0.012098765,0.058821329,0,0,Nov,1,1,8,2,Returning_Visitor,TRUE,TRUE
0,0,4,37,69,4112.394444,0.007123288,0.022355057,0,0,Dec,3,2,3,2,Returning_Visitor,FALSE,FALSE
13,210.427451,9,435.45,154,6515.45431,0.00867052,0.017328726,2.982410939,0,Nov,3,2,1,2,Returning_Visitor,FALSE,TRUE
0,0,0,0,26,1140.166667,0.032248521,0.032948718,0,0,Nov,3,2,6,13,Returning_Visitor,FALSE,FALSE
0,0,0,0,100,5212.708333,0.00952381,0.025768619,8.505586651,0,Nov,2,2,7,2,Returning_Visitor,TRUE,TRUE
0,0,1,0,13,1297.25,0.028571429,0.064285714,0,0,Dec,1,8,3,1,Returning_Visitor,TRUE,FALSE
6,407.25,4,67.5,14,195.4166667,0,0.030434783,0,0,Dec,3,2,8,1,Returning_Visitor,FALSE,FALSE
0,0,0,0,21,1535,0.01,0.048333333,0,0,Nov,2,2,7,3,Returning_Visitor,FALSE,FALSE
1,40.5,0,0,7,170,0,0.016666667,0,0,Dec,2,4,1,2,Returning_Visitor,FALSE,FALSE
0,0,0,0,4,53.625,0,0.05,0,0,Nov,3,2,1,11,Returning_Visitor,FALSE,FALSE
2,77.5,1,17,46,1066.566667,0.004255319,0.019148936,51.00308169,0,Dec,3,2,4,10,Returning_Visitor,FALSE,TRUE
5,135.5,0,0,86,2106.894048,0.002325581,0.008914729,0,0,Nov,2,2,3,2,Returning_Visitor,FALSE,FALSE
9,179.275,0,0,101,5276.594444,0,0.005545073,17.53927855,0,Dec,2,2,6,2,Returning_Visitor,TRUE,FALSE
3,36,2,763,9,163.5,0,0.014285714,0,0,Dec,8,2,1,2,New_Visitor,FALSE,TRUE
0,0,0,0,1,0,0.2,0.2,0,0,Nov,3,2,1,1,Returning_Visitor,FALSE,FALSE
0,0,0,0,18,849.5416667,0,0.00875,0,0,Nov,1,1,1,2,Returning_Visitor,FALSE,FALSE
11,1443.1,5,205,225,9595.649629,0.00455693,0.012050716,9.242286032,0,Nov,2,2,4,2,Returning_Visitor,FALSE,TRUE
0,0,2,105,194,6460.192638,0.003760684,0.017284446,1.79107248,0,Nov,2,2,3,2,Returning_Visitor,FALSE,TRUE
2,23,0,0,39,1828.966667,0.005128205,0.02008547,20.5924708,0,Nov,1,1,1,2,Returning_Visitor,TRUE,TRUE
15,543.3549065,7,243.2833333,169,6920.973243,0.005268892,0.016769542,0.742942737,0,Nov,1,1,3,2,Returning_Visitor,TRUE,FALSE
3,104,0,0,34,2991.319444,0.005555556,0.026111111,0,0,Dec,2,2,4,1,Returning_Visitor,FALSE,FALSE
0,0,0,0,6,78.75,0.033333333,0.066666667,0,0,Nov,2,2,9,3,Returning_Visitor,FALSE,FALSE
8,235.1861702,2,138.5,71,2512.51742,0.006349206,0.025572609,0,0,Nov,3,2,1,2,Returning_Visitor,TRUE,TRUE
0,0,0,0,11,335,0.036363636,0.060606061,0,0,Nov,3,2,1,13,Returning_Visitor,TRUE,FALSE
0,0,0,0,32,1297.75,0,0.0075,42.62274459,0,Nov,2,2,3,7,Returning_Visitor,FALSE,TRUE
3,115,0,0,6,132.75,0,0.022222222,0,0,Dec,1,1,7,2,New_Visitor,TRUE,FALSE
6,65.41666667,0,0,29,1904.541667,0.004848485,0.026060606,0,0,Nov,1,1,2,8,Returning_Visitor,FALSE,TRUE
0,0,0,0,7,270.75,0,0.057142857,0,0,Dec,1,1,4,2,Returning_Visitor,TRUE,FALSE
5,346.25,0,0,3,1692.25,0,0.014285714,0,0,Dec,2,2,9,2,New_Visitor,FALSE,FALSE
2,86.2,0,0,48,2259.736508,0.004166667,0.010138889,12.22605425,0,Dec,1,1,7,2,Returning_Visitor,FALSE,TRUE
0,0,0,0,75,1775.241667,0.001333333,0.019428571,0,0,Nov,2,6,5,3,Returning_Visitor,TRUE,FALSE
0,0,0,0,10,664.5,0,0.04,0,0,Nov,2,2,8,2,New_Visitor,TRUE,FALSE
0,0,3,1830.5,81,5000.739116,0.003294118,0.020433155,0,0,Nov,2,2,3,2,Returning_Visitor,TRUE,FALSE
0,0,0,0,2,69.5,0,0.1,0,0,Nov,4,5,9,11,New_Visitor,FALSE,FALSE
0,0,0,0,2,0,0.2,0.2,0,0,Nov,3,2,5,20,Returning_Visitor,FALSE,FALSE
0,0,0,0,57,2716.666667,0,0.005263158,0,0,Nov,2,2,2,3,Returning_Visitor,FALSE,TRUE
6,179.75,2,8,64,1876.333333,0.007246377,0.014251208,16.68711526,0,Dec,2,5,9,2,Returning_Visitor,FALSE,FALSE
0,0,0,0,8,95,0.025,0.058333333,0,0,Dec,2,4,7,1,Returning_Visitor,FALSE,FALSE
1,9,0,0,37,2368.111111,0.030555556,0.053240741,4.760548596,0,Nov,1,1,8,1,Returning_Visitor,FALSE,FALSE
0,0,0,0,11,229.9166667,0.018181818,0.040909091,0,0,Nov,3,2,4,1,Returning_Visitor,TRUE,FALSE
0,0,0,0,22,903.1634615,0.009090909,0.015757576,0,0,Nov,3,2,6,8,Returning_Visitor,TRUE,FALSE
6,197.25,0,0,51,3296.940476,0,0.008595388,3.507532249,0,Nov,1,1,1,3,Returning_Visitor,TRUE,FALSE
0,0,0,0,14,238.6666667,0,0.003846154,0,0,Dec,2,2,5,2,New_Visitor,FALSE,FALSE
0,0,2,19,65,2163.132326,0,0.011780384,0,0,Nov,2,2,8,2,New_Visitor,FALSE,FALSE
6,151.7,0,0,34,799.327381,0.017647059,0.023340336,0,0,Dec,3,2,1,2,Returning_Visitor,FALSE,FALSE
0,0,0,0,8,122.75,0,0.028571429,0,0,Nov,3,2,1,2,New_Visitor,FALSE,FALSE
